-- phpMyAdmin SQL Dump
-- version 4.7.7
-- https://www.phpmyadmin.net/
--
-- Хост: 127.0.0.1:3306
-- Время создания: Июн 13 2018 г., 22:54
-- Версия сервера: 5.6.38
-- Версия PHP: 5.5.38

SET SQL_MODE = "NO_AUTO_VALUE_ON_ZERO";
SET AUTOCOMMIT = 0;
START TRANSACTION;
SET time_zone = "+00:00";


/*!40101 SET @OLD_CHARACTER_SET_CLIENT=@@CHARACTER_SET_CLIENT */;
/*!40101 SET @OLD_CHARACTER_SET_RESULTS=@@CHARACTER_SET_RESULTS */;
/*!40101 SET @OLD_COLLATION_CONNECTION=@@COLLATION_CONNECTION */;
/*!40101 SET NAMES utf8mb4 */;

--
-- База данных: `coursework`
--

-- --------------------------------------------------------

--
-- Структура таблицы `comments`
--

CREATE TABLE `comments` (
  `id` int(11) NOT NULL,
  `userId` int(11) NOT NULL,
  `filmId` int(11) NOT NULL,
  `content` text NOT NULL,
  `datetime` datetime NOT NULL
) ENGINE=InnoDB DEFAULT CHARSET=utf8;

--
-- Дамп данных таблицы `comments`
--

INSERT INTO `comments` (`id`, `userId`, `filmId`, `content`, `datetime`) VALUES
(12, 1, 23, 'Крутий фільм!!11 ', '2018-06-07 13:07:41'),
(13, 1, 23, 'da eta zheska', '2018-06-07 14:03:56'),
(14, 1, 23, '123', '2018-06-08 01:08:27'),
(15, 1, 23, '1', '2018-06-08 01:18:58'),
(16, 1, 23, '1', '2018-06-08 01:18:59'),
(17, 1, 26, '1', '2018-06-08 01:19:15'),
(18, 1, 26, '2', '2018-06-08 01:19:17'),
(19, 1, 26, '3', '2018-06-08 01:19:18'),
(20, 1, 26, '4', '2018-06-08 01:19:19'),
(21, 1, 26, '5', '2018-06-08 01:19:31'),
(22, 1, 26, '6', '2018-06-08 01:19:35'),
(23, 1, 26, '2345678', '2018-06-08 01:20:30'),
(24, 7, 23, '123', '2018-06-11 16:38:11'),
(26, 14, 23, 'asd', '2018-06-13 04:18:00'),
(31, 7, 23, 'klasniy film!\n', '2018-06-13 11:55:02'),
(32, 16, 23, '123\n', '2018-06-13 14:25:41'),
(33, 16, 23, 'sdfghjk\n', '2018-06-13 22:50:27'),
(34, 17, 23, 'some new comments\n\n', '2018-06-13 22:53:25');

-- --------------------------------------------------------

--
-- Структура таблицы `films`
--

CREATE TABLE `films` (
  `id` int(11) NOT NULL,
  `name` varchar(50) NOT NULL,
  `originalName` varchar(50) NOT NULL,
  `ageRestriction` int(11) NOT NULL,
  `director` varchar(50) NOT NULL,
  `scenario` text NOT NULL,
  `duration` time NOT NULL,
  `production` varchar(30) NOT NULL,
  `starring` text NOT NULL,
  `genre` varchar(255) NOT NULL,
  `language` varchar(30) NOT NULL,
  `imageId` varchar(50) NOT NULL,
  `filmDescription` text NOT NULL
) ENGINE=InnoDB DEFAULT CHARSET=utf8;

--
-- Дамп данных таблицы `films`
--

INSERT INTO `films` (`id`, `name`, `originalName`, `ageRestriction`, `director`, `scenario`, `duration`, `production`, `starring`, `genre`, `language`, `imageId`, `filmDescription`) VALUES
(23, 'Дэдпул 2', 'Deadpool 2', 18, 'Дэвид Литч', 'Ретт Риз, Пол Верник, Роб Лайфелд', '01:59:00', 'США', 'Райан Рейнольдс, Кайл Чандлер, Зази Битц, Джош Бролин', 'Боевик, Комедия, Фантастика, Приключения', 'Украинский язык', '5b216ad5a7633.jpeg', 'Продолжение истории о ненормальном, невыносимом и неубиваемом Дэдпуле, разрушающем все стереотипы о супергероях. Бывшего наёмника, превращённого в мутанта-убийцу, ждут новые «подвиги» — смесь фарса, кровопролития и безумия.'),
(24, 'Зачарованный принц', 'Charming', 0, 'Росс Венокур', 'Росс Венокур', '01:25:00', 'США, Канада', 'Деми Ловато, Уилмер Вальдеррама, Сиа, Ниа Вардалос, Эшли Тисдейл, Аврил Лавин, Глория Тэнг', 'Мультфильм, Мюзикл, Семейный, Комедия, Фэнтези', 'Украинский язык', '5b0c043e4af0a.png', 'О прекрасном принце мечтает каждая, что уж говорить о Распрекрасном. Необычный дар юноша получил еще при рождении: девушки готовы на всё ради его улыбки, но плата за это — праведный гнев мужчин. Такое положение дел не может продолжаться вечно, а дар вот-вот обернется проклятьем. И теперь у Распрекрасного принца всего три дня, чтобы спасти Королевство от самого себя…'),
(26, 'Соло: Звездные войны. История', 'Solo: A Star Wars Story', 12, 'Рон Ховард', 'Джон Кэздан, Лоуренс Кэздан, Джордж Лукас', '02:15:00', 'США', 'Эмилия Кларк, Тэнди Ньютон, Олден Эренрайк, Фиби Уоллер-Бридж, Вуди Харрельсон, Дональд Гловер', 'Фантастика, Боевик, Приключения', 'Украинский язык', '5b0c0548436a2.jpeg', 'Фильм о начале приключений космического сорвиголовы Хана Соло и его постоянного спутника Чубакки. Напарников ожидает знакомство с карточным шулером из далекой галактики - Лэндо Калриссианом.'),
(33, '', '', 0, '', '', '00:00:00', '', '', '', '', '5b216f41c46c1.', '');

-- --------------------------------------------------------

--
-- Структура таблицы `marks`
--

CREATE TABLE `marks` (
  `id` int(11) NOT NULL,
  `filmId` int(11) NOT NULL,
  `userId` int(11) NOT NULL,
  `mark` int(11) NOT NULL
) ENGINE=InnoDB DEFAULT CHARSET=utf8;

--
-- Дамп данных таблицы `marks`
--

INSERT INTO `marks` (`id`, `filmId`, `userId`, `mark`) VALUES
(41, 23, 7, 2),
(45, 23, 16, 2),
(46, 26, 7, 4),
(48, 23, 17, 5),
(49, 24, 17, 5),
(50, 26, 17, 5);

-- --------------------------------------------------------

--
-- Структура таблицы `seats`
--

CREATE TABLE `seats` (
  `id` int(11) NOT NULL,
  `sessionId` int(11) NOT NULL,
  `type` varchar(20) NOT NULL,
  `row` int(11) NOT NULL,
  `seat` int(11) NOT NULL,
  `price` int(11) NOT NULL,
  `isSold` int(11) NOT NULL DEFAULT '0',
  `userid` int(11) NOT NULL
) ENGINE=InnoDB DEFAULT CHARSET=utf8;

--
-- Дамп данных таблицы `seats`
--

INSERT INTO `seats` (`id`, `sessionId`, `type`, `row`, `seat`, `price`, `isSold`, `userid`) VALUES
(3, 3, 'good', 1, 1, 80, 0, 0),
(4, 3, 'good', 1, 2, 80, 0, 0),
(5, 3, 'good', 1, 3, 80, 0, 0),
(6, 3, 'good', 1, 4, 80, 0, 0),
(7, 3, 'good', 1, 5, 80, 0, 0),
(8, 3, 'good', 1, 6, 80, 0, 0),
(9, 3, 'good', 1, 7, 80, 0, 0),
(10, 3, 'good', 1, 8, 80, 0, 0),
(11, 3, 'good', 1, 9, 80, 0, 0),
(12, 3, 'good', 1, 10, 80, 0, 0),
(13, 3, 'good', 1, 11, 80, 0, 0),
(14, 3, 'good', 1, 12, 80, 0, 0),
(15, 3, 'good', 2, 1, 80, 0, 0),
(16, 3, 'good', 2, 2, 80, 0, 0),
(17, 3, 'good', 2, 3, 80, 0, 0),
(18, 3, 'good', 2, 4, 80, 0, 0),
(19, 3, 'good', 2, 5, 80, 0, 0),
(20, 3, 'good', 2, 6, 80, 0, 0),
(21, 3, 'good', 2, 7, 80, 0, 0),
(22, 3, 'good', 2, 8, 80, 0, 0),
(23, 3, 'good', 2, 9, 80, 0, 0),
(24, 3, 'good', 2, 10, 80, 0, 0),
(25, 3, 'good', 2, 11, 80, 0, 0),
(26, 3, 'good', 2, 12, 80, 0, 0),
(27, 3, 'good', 3, 1, 80, 0, 0),
(28, 3, 'good', 3, 2, 80, 0, 0),
(29, 3, 'good', 3, 3, 80, 0, 0),
(30, 3, 'good', 3, 4, 80, 0, 0),
(31, 3, 'good', 3, 5, 80, 0, 0),
(32, 3, 'good', 3, 6, 80, 0, 0),
(33, 3, 'good', 3, 7, 80, 0, 0),
(34, 3, 'good', 3, 8, 80, 0, 0),
(35, 3, 'good', 3, 9, 80, 0, 0),
(36, 3, 'good', 3, 10, 80, 0, 0),
(37, 3, 'good', 3, 11, 80, 0, 0),
(38, 3, 'good', 3, 12, 80, 0, 0),
(39, 3, 'good', 4, 1, 80, 0, 0),
(40, 3, 'good', 4, 2, 80, 0, 0),
(41, 3, 'good', 4, 3, 80, 0, 0),
(42, 3, 'good', 4, 4, 80, 0, 0),
(43, 3, 'good', 4, 5, 80, 0, 0),
(44, 3, 'good', 4, 6, 80, 0, 0),
(45, 3, 'good', 4, 7, 80, 0, 0),
(46, 3, 'good', 4, 8, 80, 0, 0),
(47, 3, 'good', 4, 9, 80, 0, 0),
(48, 3, 'good', 4, 10, 80, 0, 0),
(49, 3, 'good', 4, 11, 80, 0, 0),
(50, 3, 'good', 4, 12, 80, 0, 0),
(51, 3, 'good', 5, 1, 80, 0, 0),
(52, 3, 'good', 5, 2, 80, 0, 0),
(53, 3, 'good', 5, 3, 80, 0, 0),
(54, 3, 'good', 5, 4, 80, 0, 0),
(55, 3, 'good', 5, 5, 80, 0, 0),
(56, 3, 'good', 5, 6, 80, 0, 0),
(57, 3, 'good', 5, 7, 80, 0, 0),
(58, 3, 'good', 5, 8, 80, 0, 0),
(59, 3, 'good', 5, 9, 80, 0, 0),
(60, 3, 'good', 5, 10, 80, 0, 0),
(61, 3, 'good', 5, 11, 80, 0, 0),
(62, 3, 'good', 5, 12, 80, 0, 0),
(63, 3, 'good', 6, 1, 80, 0, 0),
(64, 3, 'good', 6, 2, 80, 0, 0),
(65, 3, 'good', 6, 3, 80, 0, 0),
(66, 3, 'good', 6, 4, 80, 0, 0),
(67, 3, 'good', 6, 5, 80, 0, 0),
(68, 3, 'good', 6, 6, 80, 0, 0),
(69, 3, 'good', 6, 7, 80, 0, 0),
(70, 3, 'good', 6, 8, 80, 0, 0),
(71, 3, 'good', 6, 9, 80, 0, 0),
(72, 3, 'good', 6, 10, 80, 0, 0),
(73, 3, 'good', 6, 11, 80, 0, 0),
(74, 3, 'good', 6, 12, 80, 0, 0),
(75, 3, 'luxe', 7, 1, 120, 0, 0),
(76, 3, 'luxe', 7, 2, 120, 0, 0),
(77, 3, 'luxe', 7, 3, 120, 0, 0),
(78, 3, 'luxe', 7, 4, 120, 0, 0),
(79, 3, 'luxe', 7, 5, 120, 0, 0),
(80, 3, 'luxe', 7, 6, 120, 0, 0),
(81, 3, 'luxe', 7, 7, 120, 0, 0),
(82, 3, 'luxe', 7, 8, 120, 0, 0),
(83, 3, 'luxe', 7, 9, 120, 0, 0),
(84, 3, 'luxe', 7, 10, 120, 0, 0),
(85, 3, 'luxe', 7, 11, 120, 0, 0),
(86, 3, 'luxe', 7, 12, 120, 0, 0),
(87, 4, 'good', 1, 1, 80, 0, 0),
(88, 4, 'good', 1, 2, 80, 0, 0),
(89, 4, 'good', 1, 3, 80, 0, 0),
(90, 4, 'good', 1, 4, 80, 0, 0),
(91, 4, 'good', 1, 5, 80, 0, 0),
(92, 4, 'good', 1, 6, 80, 0, 0),
(93, 4, 'good', 1, 7, 80, 0, 0),
(94, 4, 'good', 1, 8, 80, 0, 0),
(95, 4, 'good', 1, 9, 80, 0, 0),
(96, 4, 'good', 1, 10, 80, 0, 0),
(97, 4, 'good', 1, 11, 80, 0, 0),
(98, 4, 'good', 1, 12, 80, 0, 0),
(99, 4, 'good', 2, 1, 80, 0, 0),
(100, 4, 'good', 2, 2, 80, 0, 0),
(101, 4, 'good', 2, 3, 80, 0, 0),
(102, 4, 'good', 2, 4, 80, 0, 0),
(103, 4, 'good', 2, 5, 80, 0, 0),
(104, 4, 'good', 2, 6, 80, 0, 0),
(105, 4, 'good', 2, 7, 80, 0, 0),
(106, 4, 'good', 2, 8, 80, 0, 0),
(107, 4, 'good', 2, 9, 80, 0, 0),
(108, 4, 'good', 2, 10, 80, 0, 0),
(109, 4, 'good', 2, 11, 80, 0, 0),
(110, 4, 'good', 2, 12, 80, 0, 0),
(111, 4, 'good', 3, 1, 80, 0, 0),
(112, 4, 'good', 3, 2, 80, 0, 0),
(113, 4, 'good', 3, 3, 80, 0, 0),
(114, 4, 'good', 3, 4, 80, 0, 0),
(115, 4, 'good', 3, 5, 80, 0, 0),
(116, 4, 'good', 3, 6, 80, 0, 0),
(117, 4, 'good', 3, 7, 80, 0, 0),
(118, 4, 'good', 3, 8, 80, 0, 0),
(119, 4, 'good', 3, 9, 80, 0, 0),
(120, 4, 'good', 3, 10, 80, 0, 0),
(121, 4, 'good', 3, 11, 80, 0, 0),
(122, 4, 'good', 3, 12, 80, 0, 0),
(123, 4, 'good', 4, 1, 80, 0, 0),
(124, 4, 'good', 4, 2, 80, 0, 0),
(125, 4, 'good', 4, 3, 80, 0, 0),
(126, 4, 'good', 4, 4, 80, 0, 0),
(127, 4, 'good', 4, 5, 80, 0, 0),
(128, 4, 'good', 4, 6, 80, 0, 0),
(129, 4, 'good', 4, 7, 80, 0, 0),
(130, 4, 'good', 4, 8, 80, 0, 0),
(131, 4, 'good', 4, 9, 80, 0, 0),
(132, 4, 'good', 4, 10, 80, 0, 0),
(133, 4, 'good', 4, 11, 80, 0, 0),
(134, 4, 'good', 4, 12, 80, 0, 0),
(135, 4, 'good', 5, 1, 80, 0, 0),
(136, 4, 'good', 5, 2, 80, 0, 0),
(137, 4, 'good', 5, 3, 80, 0, 0),
(138, 4, 'good', 5, 4, 80, 0, 0),
(139, 4, 'good', 5, 5, 80, 0, 0),
(140, 4, 'good', 5, 6, 80, 0, 0),
(141, 4, 'good', 5, 7, 80, 0, 0),
(142, 4, 'good', 5, 8, 80, 0, 0),
(143, 4, 'good', 5, 9, 80, 0, 0),
(144, 4, 'good', 5, 10, 80, 0, 0),
(145, 4, 'good', 5, 11, 80, 0, 0),
(146, 4, 'good', 5, 12, 80, 0, 0),
(147, 4, 'good', 6, 1, 80, 0, 0),
(148, 4, 'good', 6, 2, 80, 0, 0),
(149, 4, 'good', 6, 3, 80, 0, 0),
(150, 4, 'good', 6, 4, 80, 0, 0),
(151, 4, 'good', 6, 5, 80, 0, 0),
(152, 4, 'good', 6, 6, 80, 0, 0),
(153, 4, 'good', 6, 7, 80, 0, 0),
(154, 4, 'good', 6, 8, 80, 0, 0),
(155, 4, 'good', 6, 9, 80, 0, 0),
(156, 4, 'good', 6, 10, 80, 0, 0),
(157, 4, 'good', 6, 11, 80, 0, 0),
(158, 4, 'good', 6, 12, 80, 0, 0),
(159, 4, 'luxe', 7, 1, 120, 0, 0),
(160, 4, 'luxe', 7, 2, 120, 0, 0),
(161, 4, 'luxe', 7, 3, 120, 0, 0),
(162, 4, 'luxe', 7, 4, 120, 0, 0),
(163, 4, 'luxe', 7, 5, 120, 0, 0),
(164, 4, 'luxe', 7, 6, 120, 0, 0),
(165, 4, 'luxe', 7, 7, 120, 0, 0),
(166, 4, 'luxe', 7, 8, 120, 0, 0),
(167, 4, 'luxe', 7, 9, 120, 0, 0),
(168, 4, 'luxe', 7, 10, 120, 0, 0),
(169, 4, 'luxe', 7, 11, 120, 0, 0),
(170, 4, 'luxe', 7, 12, 120, 0, 0),
(171, 5, 'good', 1, 1, 80, 0, 0),
(172, 5, 'good', 1, 2, 80, 0, 0),
(173, 5, 'good', 1, 3, 80, 0, 0),
(174, 5, 'good', 1, 4, 80, 0, 0),
(175, 5, 'good', 1, 5, 80, 0, 0),
(176, 5, 'good', 1, 6, 80, 0, 0),
(177, 5, 'good', 1, 7, 80, 0, 0),
(178, 5, 'good', 1, 8, 80, 0, 0),
(179, 5, 'good', 1, 9, 80, 0, 0),
(180, 5, 'good', 1, 10, 80, 0, 0),
(181, 5, 'good', 1, 11, 80, 0, 0),
(182, 5, 'good', 1, 12, 80, 0, 0),
(183, 5, 'good', 2, 1, 80, 0, 0),
(184, 5, 'good', 2, 2, 80, 0, 0),
(185, 5, 'good', 2, 3, 80, 0, 0),
(186, 5, 'good', 2, 4, 80, 0, 0),
(187, 5, 'good', 2, 5, 80, 0, 0),
(188, 5, 'good', 2, 6, 80, 0, 0),
(189, 5, 'good', 2, 7, 80, 0, 0),
(190, 5, 'good', 2, 8, 80, 0, 0),
(191, 5, 'good', 2, 9, 80, 0, 0),
(192, 5, 'good', 2, 10, 80, 0, 0),
(193, 5, 'good', 2, 11, 80, 0, 0),
(194, 5, 'good', 2, 12, 80, 0, 0),
(195, 5, 'good', 3, 1, 80, 0, 0),
(196, 5, 'good', 3, 2, 80, 0, 0),
(197, 5, 'good', 3, 3, 80, 0, 0),
(198, 5, 'good', 3, 4, 80, 0, 0),
(199, 5, 'good', 3, 5, 80, 0, 0),
(200, 5, 'good', 3, 6, 80, 0, 0),
(201, 5, 'good', 3, 7, 80, 0, 0),
(202, 5, 'good', 3, 8, 80, 0, 0),
(203, 5, 'good', 3, 9, 80, 0, 0),
(204, 5, 'good', 3, 10, 80, 0, 0),
(205, 5, 'good', 3, 11, 80, 0, 0),
(206, 5, 'good', 3, 12, 80, 0, 0),
(207, 5, 'good', 4, 1, 80, 0, 0),
(208, 5, 'good', 4, 2, 80, 0, 0),
(209, 5, 'good', 4, 3, 80, 0, 0),
(210, 5, 'good', 4, 4, 80, 0, 0),
(211, 5, 'good', 4, 5, 80, 0, 0),
(212, 5, 'good', 4, 6, 80, 0, 0),
(213, 5, 'good', 4, 7, 80, 0, 0),
(214, 5, 'good', 4, 8, 80, 0, 0),
(215, 5, 'good', 4, 9, 80, 0, 0),
(216, 5, 'good', 4, 10, 80, 0, 0),
(217, 5, 'good', 4, 11, 80, 0, 0),
(218, 5, 'good', 4, 12, 80, 0, 0),
(219, 5, 'good', 5, 1, 80, 0, 0),
(220, 5, 'good', 5, 2, 80, 0, 0),
(221, 5, 'good', 5, 3, 80, 0, 0),
(222, 5, 'good', 5, 4, 80, 0, 0),
(223, 5, 'good', 5, 5, 80, 0, 0),
(224, 5, 'good', 5, 6, 80, 0, 0),
(225, 5, 'good', 5, 7, 80, 0, 0),
(226, 5, 'good', 5, 8, 80, 0, 0),
(227, 5, 'good', 5, 9, 80, 0, 0),
(228, 5, 'good', 5, 10, 80, 0, 0),
(229, 5, 'good', 5, 11, 80, 0, 0),
(230, 5, 'good', 5, 12, 80, 0, 0),
(231, 5, 'good', 6, 1, 80, 0, 0),
(232, 5, 'good', 6, 2, 80, 0, 0),
(233, 5, 'good', 6, 3, 80, 0, 0),
(234, 5, 'good', 6, 4, 80, 0, 0),
(235, 5, 'good', 6, 5, 80, 0, 0),
(236, 5, 'good', 6, 6, 80, 0, 0),
(237, 5, 'good', 6, 7, 80, 0, 0),
(238, 5, 'good', 6, 8, 80, 0, 0),
(239, 5, 'good', 6, 9, 80, 0, 0),
(240, 5, 'good', 6, 10, 80, 0, 0),
(241, 5, 'good', 6, 11, 80, 0, 0),
(242, 5, 'good', 6, 12, 80, 0, 0),
(243, 5, 'luxe', 7, 1, 120, 0, 0),
(244, 5, 'luxe', 7, 2, 120, 0, 0),
(245, 5, 'luxe', 7, 3, 120, 0, 0),
(246, 5, 'luxe', 7, 4, 120, 0, 0),
(247, 5, 'luxe', 7, 5, 120, 0, 0),
(248, 5, 'luxe', 7, 6, 120, 0, 0),
(249, 5, 'luxe', 7, 7, 120, 0, 0),
(250, 5, 'luxe', 7, 8, 120, 0, 0),
(251, 5, 'luxe', 7, 9, 120, 0, 0),
(252, 5, 'luxe', 7, 10, 120, 0, 0),
(253, 5, 'luxe', 7, 11, 120, 0, 0),
(254, 5, 'luxe', 7, 12, 120, 0, 0),
(255, 6, 'good', 1, 1, 80, 0, 0),
(256, 6, 'good', 1, 2, 80, 0, 0),
(257, 6, 'good', 1, 3, 80, 0, 0),
(258, 6, 'good', 1, 4, 80, 0, 0),
(259, 6, 'good', 1, 5, 80, 0, 0),
(260, 6, 'good', 1, 6, 80, 0, 0),
(261, 6, 'good', 1, 7, 80, 0, 0),
(262, 6, 'good', 1, 8, 80, 0, 0),
(263, 6, 'good', 1, 9, 80, 0, 0),
(264, 6, 'good', 1, 10, 80, 0, 0),
(265, 6, 'good', 1, 11, 80, 0, 0),
(266, 6, 'good', 1, 12, 80, 0, 0),
(267, 6, 'good', 2, 1, 80, 0, 0),
(268, 6, 'good', 2, 2, 80, 0, 0),
(269, 6, 'good', 2, 3, 80, 0, 0),
(270, 6, 'good', 2, 4, 80, 0, 0),
(271, 6, 'good', 2, 5, 80, 0, 0),
(272, 6, 'good', 2, 6, 80, 0, 0),
(273, 6, 'good', 2, 7, 80, 0, 0),
(274, 6, 'good', 2, 8, 80, 0, 0),
(275, 6, 'good', 2, 9, 80, 0, 0),
(276, 6, 'good', 2, 10, 80, 0, 0),
(277, 6, 'good', 2, 11, 80, 0, 0),
(278, 6, 'good', 2, 12, 80, 0, 0),
(279, 6, 'good', 3, 1, 80, 0, 0),
(280, 6, 'good', 3, 2, 80, 0, 0),
(281, 6, 'good', 3, 3, 80, 0, 0),
(282, 6, 'good', 3, 4, 80, 0, 0),
(283, 6, 'good', 3, 5, 80, 0, 0),
(284, 6, 'good', 3, 6, 80, 0, 0),
(285, 6, 'good', 3, 7, 80, 0, 0),
(286, 6, 'good', 3, 8, 80, 0, 0),
(287, 6, 'good', 3, 9, 80, 0, 0),
(288, 6, 'good', 3, 10, 80, 0, 0),
(289, 6, 'good', 3, 11, 80, 0, 0),
(290, 6, 'good', 3, 12, 80, 0, 0),
(291, 6, 'good', 4, 1, 80, 0, 0),
(292, 6, 'good', 4, 2, 80, 0, 0),
(293, 6, 'good', 4, 3, 80, 0, 0),
(294, 6, 'good', 4, 4, 80, 0, 0),
(295, 6, 'good', 4, 5, 80, 0, 0),
(296, 6, 'good', 4, 6, 80, 0, 0),
(297, 6, 'good', 4, 7, 80, 0, 0),
(298, 6, 'good', 4, 8, 80, 0, 0),
(299, 6, 'good', 4, 9, 80, 0, 0),
(300, 6, 'good', 4, 10, 80, 0, 0),
(301, 6, 'good', 4, 11, 80, 0, 0),
(302, 6, 'good', 4, 12, 80, 0, 0),
(303, 6, 'good', 5, 1, 80, 0, 0),
(304, 6, 'good', 5, 2, 80, 0, 0),
(305, 6, 'good', 5, 3, 80, 0, 0),
(306, 6, 'good', 5, 4, 80, 0, 0),
(307, 6, 'good', 5, 5, 80, 0, 0),
(308, 6, 'good', 5, 6, 80, 0, 0),
(309, 6, 'good', 5, 7, 80, 0, 0),
(310, 6, 'good', 5, 8, 80, 0, 0),
(311, 6, 'good', 5, 9, 80, 0, 0),
(312, 6, 'good', 5, 10, 80, 0, 0),
(313, 6, 'good', 5, 11, 80, 0, 0),
(314, 6, 'good', 5, 12, 80, 0, 0),
(315, 6, 'good', 6, 1, 80, 0, 0),
(316, 6, 'good', 6, 2, 80, 0, 0),
(317, 6, 'good', 6, 3, 80, 0, 0),
(318, 6, 'good', 6, 4, 80, 0, 0),
(319, 6, 'good', 6, 5, 80, 0, 0),
(320, 6, 'good', 6, 6, 80, 0, 0),
(321, 6, 'good', 6, 7, 80, 0, 0),
(322, 6, 'good', 6, 8, 80, 0, 0),
(323, 6, 'good', 6, 9, 80, 0, 0),
(324, 6, 'good', 6, 10, 80, 0, 0),
(325, 6, 'good', 6, 11, 80, 0, 0),
(326, 6, 'good', 6, 12, 80, 0, 0),
(327, 6, 'luxe', 7, 1, 120, 0, 0),
(328, 6, 'luxe', 7, 2, 120, 0, 0),
(329, 6, 'luxe', 7, 3, 120, 0, 0),
(330, 6, 'luxe', 7, 4, 120, 0, 0),
(331, 6, 'luxe', 7, 5, 120, 0, 0),
(332, 6, 'luxe', 7, 6, 120, 0, 0),
(333, 6, 'luxe', 7, 7, 120, 0, 0),
(334, 6, 'luxe', 7, 8, 120, 0, 0),
(335, 6, 'luxe', 7, 9, 120, 0, 0),
(336, 6, 'luxe', 7, 10, 120, 0, 0),
(337, 6, 'luxe', 7, 11, 120, 0, 0),
(338, 6, 'luxe', 7, 12, 120, 0, 0),
(339, 7, 'good', 1, 1, 80, 0, 0),
(340, 7, 'good', 1, 2, 80, 0, 0),
(341, 7, 'good', 1, 3, 80, 0, 0),
(342, 7, 'good', 1, 4, 80, 0, 0),
(343, 7, 'good', 1, 5, 80, 0, 0),
(344, 7, 'good', 1, 6, 80, 0, 0),
(345, 7, 'good', 1, 7, 80, 0, 0),
(346, 7, 'good', 1, 8, 80, 0, 0),
(347, 7, 'good', 1, 9, 80, 0, 0),
(348, 7, 'good', 1, 10, 80, 0, 0),
(349, 7, 'good', 1, 11, 80, 0, 0),
(350, 7, 'good', 1, 12, 80, 0, 0),
(351, 7, 'good', 2, 1, 80, 0, 0),
(352, 7, 'good', 2, 2, 80, 0, 0),
(353, 7, 'good', 2, 3, 80, 0, 0),
(354, 7, 'good', 2, 4, 80, 0, 0),
(355, 7, 'good', 2, 5, 80, 0, 0),
(356, 7, 'good', 2, 6, 80, 0, 0),
(357, 7, 'good', 2, 7, 80, 0, 0),
(358, 7, 'good', 2, 8, 80, 0, 0),
(359, 7, 'good', 2, 9, 80, 0, 0),
(360, 7, 'good', 2, 10, 80, 0, 0),
(361, 7, 'good', 2, 11, 80, 0, 0),
(362, 7, 'good', 2, 12, 80, 0, 0),
(363, 7, 'good', 3, 1, 80, 0, 0),
(364, 7, 'good', 3, 2, 80, 0, 0),
(365, 7, 'good', 3, 3, 80, 0, 0),
(366, 7, 'good', 3, 4, 80, 0, 0),
(367, 7, 'good', 3, 5, 80, 0, 0),
(368, 7, 'good', 3, 6, 80, 0, 0),
(369, 7, 'good', 3, 7, 80, 0, 0),
(370, 7, 'good', 3, 8, 80, 0, 0),
(371, 7, 'good', 3, 9, 80, 0, 0),
(372, 7, 'good', 3, 10, 80, 0, 0),
(373, 7, 'good', 3, 11, 80, 0, 0),
(374, 7, 'good', 3, 12, 80, 0, 0),
(375, 7, 'good', 4, 1, 80, 0, 0),
(376, 7, 'good', 4, 2, 80, 0, 0),
(377, 7, 'good', 4, 3, 80, 0, 0),
(378, 7, 'good', 4, 4, 80, 0, 0),
(379, 7, 'good', 4, 5, 80, 0, 0),
(380, 7, 'good', 4, 6, 80, 0, 0),
(381, 7, 'good', 4, 7, 80, 0, 0),
(382, 7, 'good', 4, 8, 80, 0, 0),
(383, 7, 'good', 4, 9, 80, 0, 0),
(384, 7, 'good', 4, 10, 80, 0, 0),
(385, 7, 'good', 4, 11, 80, 0, 0),
(386, 7, 'good', 4, 12, 80, 0, 0),
(387, 7, 'good', 5, 1, 80, 0, 0),
(388, 7, 'good', 5, 2, 80, 0, 0),
(389, 7, 'good', 5, 3, 80, 0, 0),
(390, 7, 'good', 5, 4, 80, 0, 0),
(391, 7, 'good', 5, 5, 80, 0, 0),
(392, 7, 'good', 5, 6, 80, 0, 0),
(393, 7, 'good', 5, 7, 80, 0, 0),
(394, 7, 'good', 5, 8, 80, 0, 0),
(395, 7, 'good', 5, 9, 80, 0, 0),
(396, 7, 'good', 5, 10, 80, 0, 0),
(397, 7, 'good', 5, 11, 80, 0, 0),
(398, 7, 'good', 5, 12, 80, 0, 0),
(399, 7, 'good', 6, 1, 80, 0, 0),
(400, 7, 'good', 6, 2, 80, 0, 0),
(401, 7, 'good', 6, 3, 80, 0, 0),
(402, 7, 'good', 6, 4, 80, 0, 0),
(403, 7, 'good', 6, 5, 80, 0, 0),
(404, 7, 'good', 6, 6, 80, 0, 0),
(405, 7, 'good', 6, 7, 80, 0, 0),
(406, 7, 'good', 6, 8, 80, 0, 0),
(407, 7, 'good', 6, 9, 80, 0, 0),
(408, 7, 'good', 6, 10, 80, 0, 0),
(409, 7, 'good', 6, 11, 80, 0, 0),
(410, 7, 'good', 6, 12, 80, 0, 0),
(411, 7, 'luxe', 7, 1, 120, 0, 0),
(412, 7, 'luxe', 7, 2, 120, 0, 0),
(413, 7, 'luxe', 7, 3, 120, 0, 0),
(414, 7, 'luxe', 7, 4, 120, 0, 0),
(415, 7, 'luxe', 7, 5, 120, 0, 0),
(416, 7, 'luxe', 7, 6, 120, 0, 0),
(417, 7, 'luxe', 7, 7, 120, 0, 0),
(418, 7, 'luxe', 7, 8, 120, 0, 0),
(419, 7, 'luxe', 7, 9, 120, 0, 0),
(420, 7, 'luxe', 7, 10, 120, 0, 0),
(421, 7, 'luxe', 7, 11, 120, 0, 0),
(422, 7, 'luxe', 7, 12, 120, 0, 0),
(423, 8, 'good', 1, 1, 80, 0, 0),
(424, 8, 'good', 1, 2, 80, 0, 0),
(425, 8, 'good', 1, 3, 80, 0, 0),
(426, 8, 'good', 1, 4, 80, 0, 0),
(427, 8, 'good', 1, 5, 80, 0, 0),
(428, 8, 'good', 1, 6, 80, 0, 0),
(429, 8, 'good', 1, 7, 80, 0, 0),
(430, 8, 'good', 1, 8, 80, 0, 0),
(431, 8, 'good', 1, 9, 80, 0, 0),
(432, 8, 'good', 1, 10, 80, 0, 0),
(433, 8, 'good', 1, 11, 80, 0, 0),
(434, 8, 'good', 1, 12, 80, 0, 0),
(435, 8, 'good', 2, 1, 80, 0, 0),
(436, 8, 'good', 2, 2, 80, 0, 0),
(437, 8, 'good', 2, 3, 80, 0, 0),
(438, 8, 'good', 2, 4, 80, 0, 0),
(439, 8, 'good', 2, 5, 80, 0, 0),
(440, 8, 'good', 2, 6, 80, 0, 0),
(441, 8, 'good', 2, 7, 80, 0, 0),
(442, 8, 'good', 2, 8, 80, 0, 0),
(443, 8, 'good', 2, 9, 80, 0, 0),
(444, 8, 'good', 2, 10, 80, 0, 0),
(445, 8, 'good', 2, 11, 80, 0, 0),
(446, 8, 'good', 2, 12, 80, 0, 0),
(447, 8, 'good', 3, 1, 80, 0, 0),
(448, 8, 'good', 3, 2, 80, 0, 0),
(449, 8, 'good', 3, 3, 80, 0, 0),
(450, 8, 'good', 3, 4, 80, 0, 0),
(451, 8, 'good', 3, 5, 80, 0, 0),
(452, 8, 'good', 3, 6, 80, 0, 0),
(453, 8, 'good', 3, 7, 80, 0, 0),
(454, 8, 'good', 3, 8, 80, 0, 0),
(455, 8, 'good', 3, 9, 80, 0, 0),
(456, 8, 'good', 3, 10, 80, 0, 0),
(457, 8, 'good', 3, 11, 80, 0, 0),
(458, 8, 'good', 3, 12, 80, 0, 0),
(459, 8, 'good', 4, 1, 80, 0, 0),
(460, 8, 'good', 4, 2, 80, 0, 0),
(461, 8, 'good', 4, 3, 80, 0, 0),
(462, 8, 'good', 4, 4, 80, 0, 0),
(463, 8, 'good', 4, 5, 80, 0, 0),
(464, 8, 'good', 4, 6, 80, 0, 0),
(465, 8, 'good', 4, 7, 80, 0, 0),
(466, 8, 'good', 4, 8, 80, 0, 0),
(467, 8, 'good', 4, 9, 80, 0, 0),
(468, 8, 'good', 4, 10, 80, 0, 0),
(469, 8, 'good', 4, 11, 80, 0, 0),
(470, 8, 'good', 4, 12, 80, 0, 0),
(471, 8, 'good', 5, 1, 80, 0, 0),
(472, 8, 'good', 5, 2, 80, 0, 0),
(473, 8, 'good', 5, 3, 80, 0, 0),
(474, 8, 'good', 5, 4, 80, 0, 0),
(475, 8, 'good', 5, 5, 80, 0, 0),
(476, 8, 'good', 5, 6, 80, 0, 0),
(477, 8, 'good', 5, 7, 80, 0, 0),
(478, 8, 'good', 5, 8, 80, 0, 0),
(479, 8, 'good', 5, 9, 80, 0, 0),
(480, 8, 'good', 5, 10, 80, 0, 0),
(481, 8, 'good', 5, 11, 80, 0, 0),
(482, 8, 'good', 5, 12, 80, 0, 0),
(483, 8, 'good', 6, 1, 80, 0, 0),
(484, 8, 'good', 6, 2, 80, 0, 0),
(485, 8, 'good', 6, 3, 80, 0, 0),
(486, 8, 'good', 6, 4, 80, 0, 0),
(487, 8, 'good', 6, 5, 80, 0, 0),
(488, 8, 'good', 6, 6, 80, 0, 0),
(489, 8, 'good', 6, 7, 80, 0, 0),
(490, 8, 'good', 6, 8, 80, 0, 0),
(491, 8, 'good', 6, 9, 80, 0, 0),
(492, 8, 'good', 6, 10, 80, 0, 0),
(493, 8, 'good', 6, 11, 80, 0, 0),
(494, 8, 'good', 6, 12, 80, 0, 0),
(495, 8, 'luxe', 7, 1, 120, 0, 0),
(496, 8, 'luxe', 7, 2, 120, 0, 0),
(497, 8, 'luxe', 7, 3, 120, 0, 0),
(498, 8, 'luxe', 7, 4, 120, 0, 0),
(499, 8, 'luxe', 7, 5, 120, 0, 0),
(500, 8, 'luxe', 7, 6, 120, 0, 0),
(501, 8, 'luxe', 7, 7, 120, 0, 0),
(502, 8, 'luxe', 7, 8, 120, 0, 0),
(503, 8, 'luxe', 7, 9, 120, 0, 0),
(504, 8, 'luxe', 7, 10, 120, 0, 0),
(505, 8, 'luxe', 7, 11, 120, 0, 0),
(506, 8, 'luxe', 7, 12, 120, 0, 0),
(507, 9, 'good', 1, 1, 80, 0, 0),
(508, 9, 'good', 1, 2, 80, 0, 0),
(509, 9, 'good', 1, 3, 80, 0, 0),
(510, 9, 'good', 1, 4, 80, 0, 0),
(511, 9, 'good', 1, 5, 80, 0, 0),
(512, 9, 'good', 1, 6, 80, 0, 0),
(513, 9, 'good', 1, 7, 80, 0, 0),
(514, 9, 'good', 1, 8, 80, 0, 0),
(515, 9, 'good', 1, 9, 80, 0, 0),
(516, 9, 'good', 1, 10, 80, 0, 0),
(517, 9, 'good', 1, 11, 80, 0, 0),
(518, 9, 'good', 1, 12, 80, 0, 0),
(519, 9, 'good', 2, 1, 80, 0, 0),
(520, 9, 'good', 2, 2, 80, 0, 0),
(521, 9, 'good', 2, 3, 80, 0, 0),
(522, 9, 'good', 2, 4, 80, 0, 0),
(523, 9, 'good', 2, 5, 80, 0, 0),
(524, 9, 'good', 2, 6, 80, 0, 0),
(525, 9, 'good', 2, 7, 80, 0, 0),
(526, 9, 'good', 2, 8, 80, 0, 0),
(527, 9, 'good', 2, 9, 80, 0, 0),
(528, 9, 'good', 2, 10, 80, 0, 0),
(529, 9, 'good', 2, 11, 80, 0, 0),
(530, 9, 'good', 2, 12, 80, 0, 0),
(531, 9, 'good', 3, 1, 80, 0, 0),
(532, 9, 'good', 3, 2, 80, 0, 0),
(533, 9, 'good', 3, 3, 80, 0, 0),
(534, 9, 'good', 3, 4, 80, 0, 0),
(535, 9, 'good', 3, 5, 80, 0, 0),
(536, 9, 'good', 3, 6, 80, 0, 0),
(537, 9, 'good', 3, 7, 80, 0, 0),
(538, 9, 'good', 3, 8, 80, 0, 0),
(539, 9, 'good', 3, 9, 80, 0, 0),
(540, 9, 'good', 3, 10, 80, 0, 0),
(541, 9, 'good', 3, 11, 80, 0, 0),
(542, 9, 'good', 3, 12, 80, 0, 0),
(543, 9, 'good', 4, 1, 80, 0, 0),
(544, 9, 'good', 4, 2, 80, 0, 0),
(545, 9, 'good', 4, 3, 80, 0, 0),
(546, 9, 'good', 4, 4, 80, 0, 0),
(547, 9, 'good', 4, 5, 80, 0, 0),
(548, 9, 'good', 4, 6, 80, 0, 0),
(549, 9, 'good', 4, 7, 80, 0, 0),
(550, 9, 'good', 4, 8, 80, 0, 0),
(551, 9, 'good', 4, 9, 80, 0, 0),
(552, 9, 'good', 4, 10, 80, 0, 0),
(553, 9, 'good', 4, 11, 80, 0, 0),
(554, 9, 'good', 4, 12, 80, 0, 0),
(555, 9, 'good', 5, 1, 80, 0, 0),
(556, 9, 'good', 5, 2, 80, 0, 0),
(557, 9, 'good', 5, 3, 80, 0, 0),
(558, 9, 'good', 5, 4, 80, 0, 0),
(559, 9, 'good', 5, 5, 80, 0, 0),
(560, 9, 'good', 5, 6, 80, 0, 0),
(561, 9, 'good', 5, 7, 80, 0, 0),
(562, 9, 'good', 5, 8, 80, 0, 0),
(563, 9, 'good', 5, 9, 80, 0, 0),
(564, 9, 'good', 5, 10, 80, 0, 0),
(565, 9, 'good', 5, 11, 80, 0, 0),
(566, 9, 'good', 5, 12, 80, 0, 0),
(567, 9, 'good', 6, 1, 80, 0, 0),
(568, 9, 'good', 6, 2, 80, 0, 0),
(569, 9, 'good', 6, 3, 80, 0, 0),
(570, 9, 'good', 6, 4, 80, 0, 0),
(571, 9, 'good', 6, 5, 80, 0, 0),
(572, 9, 'good', 6, 6, 80, 0, 0),
(573, 9, 'good', 6, 7, 80, 0, 0),
(574, 9, 'good', 6, 8, 80, 0, 0),
(575, 9, 'good', 6, 9, 80, 0, 0),
(576, 9, 'good', 6, 10, 80, 0, 0),
(577, 9, 'good', 6, 11, 80, 0, 0),
(578, 9, 'good', 6, 12, 80, 0, 0),
(579, 9, 'luxe', 7, 1, 120, 0, 0),
(580, 9, 'luxe', 7, 2, 120, 0, 0),
(581, 9, 'luxe', 7, 3, 120, 0, 0),
(582, 9, 'luxe', 7, 4, 120, 0, 0),
(583, 9, 'luxe', 7, 5, 120, 0, 0),
(584, 9, 'luxe', 7, 6, 120, 0, 0),
(585, 9, 'luxe', 7, 7, 120, 0, 0),
(586, 9, 'luxe', 7, 8, 120, 0, 0),
(587, 9, 'luxe', 7, 9, 120, 0, 0),
(588, 9, 'luxe', 7, 10, 120, 0, 0),
(589, 9, 'luxe', 7, 11, 120, 0, 0),
(590, 9, 'luxe', 7, 12, 120, 0, 0),
(591, 10, 'good', 1, 1, 80, 0, 0),
(592, 10, 'good', 1, 2, 80, 0, 0),
(593, 10, 'good', 1, 3, 80, 0, 0),
(594, 10, 'good', 1, 4, 80, 0, 0),
(595, 10, 'good', 1, 5, 80, 0, 0),
(596, 10, 'good', 1, 6, 80, 0, 0),
(597, 10, 'good', 1, 7, 80, 0, 0),
(598, 10, 'good', 1, 8, 80, 0, 0),
(599, 10, 'good', 1, 9, 80, 0, 0),
(600, 10, 'good', 1, 10, 80, 0, 0),
(601, 10, 'good', 1, 11, 80, 0, 0),
(602, 10, 'good', 1, 12, 80, 0, 0),
(603, 10, 'good', 2, 1, 80, 0, 0),
(604, 10, 'good', 2, 2, 80, 0, 0),
(605, 10, 'good', 2, 3, 80, 0, 0),
(606, 10, 'good', 2, 4, 80, 0, 0),
(607, 10, 'good', 2, 5, 80, 0, 0),
(608, 10, 'good', 2, 6, 80, 0, 0),
(609, 10, 'good', 2, 7, 80, 0, 0),
(610, 10, 'good', 2, 8, 80, 0, 0),
(611, 10, 'good', 2, 9, 80, 0, 0),
(612, 10, 'good', 2, 10, 80, 0, 0),
(613, 10, 'good', 2, 11, 80, 0, 0),
(614, 10, 'good', 2, 12, 80, 0, 0),
(615, 10, 'good', 3, 1, 80, 0, 0),
(616, 10, 'good', 3, 2, 80, 0, 0),
(617, 10, 'good', 3, 3, 80, 0, 0),
(618, 10, 'good', 3, 4, 80, 0, 0),
(619, 10, 'good', 3, 5, 80, 0, 0),
(620, 10, 'good', 3, 6, 80, 0, 0),
(621, 10, 'good', 3, 7, 80, 0, 0),
(622, 10, 'good', 3, 8, 80, 0, 0),
(623, 10, 'good', 3, 9, 80, 0, 0),
(624, 10, 'good', 3, 10, 80, 0, 0),
(625, 10, 'good', 3, 11, 80, 0, 0),
(626, 10, 'good', 3, 12, 80, 0, 0),
(627, 10, 'good', 4, 1, 80, 0, 0),
(628, 10, 'good', 4, 2, 80, 0, 0),
(629, 10, 'good', 4, 3, 80, 0, 0),
(630, 10, 'good', 4, 4, 80, 0, 0),
(631, 10, 'good', 4, 5, 80, 0, 0),
(632, 10, 'good', 4, 6, 80, 0, 0),
(633, 10, 'good', 4, 7, 80, 0, 0),
(634, 10, 'good', 4, 8, 80, 0, 0),
(635, 10, 'good', 4, 9, 80, 0, 0),
(636, 10, 'good', 4, 10, 80, 0, 0),
(637, 10, 'good', 4, 11, 80, 0, 0),
(638, 10, 'good', 4, 12, 80, 0, 0),
(639, 10, 'good', 5, 1, 80, 0, 0),
(640, 10, 'good', 5, 2, 80, 0, 0),
(641, 10, 'good', 5, 3, 80, 0, 0),
(642, 10, 'good', 5, 4, 80, 0, 0),
(643, 10, 'good', 5, 5, 80, 0, 0),
(644, 10, 'good', 5, 6, 80, 0, 0),
(645, 10, 'good', 5, 7, 80, 0, 0),
(646, 10, 'good', 5, 8, 80, 0, 0),
(647, 10, 'good', 5, 9, 80, 0, 0),
(648, 10, 'good', 5, 10, 80, 0, 0),
(649, 10, 'good', 5, 11, 80, 0, 0),
(650, 10, 'good', 5, 12, 80, 0, 0),
(651, 10, 'good', 6, 1, 80, 0, 0),
(652, 10, 'good', 6, 2, 80, 0, 0),
(653, 10, 'good', 6, 3, 80, 0, 0),
(654, 10, 'good', 6, 4, 80, 0, 0),
(655, 10, 'good', 6, 5, 80, 0, 0),
(656, 10, 'good', 6, 6, 80, 0, 0),
(657, 10, 'good', 6, 7, 80, 0, 0),
(658, 10, 'good', 6, 8, 80, 0, 0),
(659, 10, 'good', 6, 9, 80, 0, 0),
(660, 10, 'good', 6, 10, 80, 0, 0),
(661, 10, 'good', 6, 11, 80, 0, 0),
(662, 10, 'good', 6, 12, 80, 0, 0),
(663, 10, 'luxe', 7, 1, 120, 0, 0),
(664, 10, 'luxe', 7, 2, 120, 0, 0),
(665, 10, 'luxe', 7, 3, 120, 0, 0),
(666, 10, 'luxe', 7, 4, 120, 0, 0),
(667, 10, 'luxe', 7, 5, 120, 0, 0),
(668, 10, 'luxe', 7, 6, 120, 0, 0),
(669, 10, 'luxe', 7, 7, 120, 0, 0),
(670, 10, 'luxe', 7, 8, 120, 0, 0),
(671, 10, 'luxe', 7, 9, 120, 0, 0),
(672, 10, 'luxe', 7, 10, 120, 0, 0),
(673, 10, 'luxe', 7, 11, 120, 0, 0),
(674, 10, 'luxe', 7, 12, 120, 0, 0),
(675, 11, 'good', 1, 1, 80, 0, 0),
(676, 11, 'good', 1, 2, 80, 0, 0),
(677, 11, 'good', 1, 3, 80, 0, 0),
(678, 11, 'good', 1, 4, 80, 0, 0),
(679, 11, 'good', 1, 5, 80, 0, 0),
(680, 11, 'good', 1, 6, 80, 0, 0),
(681, 11, 'good', 1, 7, 80, 0, 0),
(682, 11, 'good', 1, 8, 80, 0, 0),
(683, 11, 'good', 1, 9, 80, 0, 0),
(684, 11, 'good', 1, 10, 80, 0, 0),
(685, 11, 'good', 1, 11, 80, 0, 0),
(686, 11, 'good', 1, 12, 80, 0, 0),
(687, 11, 'good', 2, 1, 80, 0, 0),
(688, 11, 'good', 2, 2, 80, 0, 0),
(689, 11, 'good', 2, 3, 80, 0, 0),
(690, 11, 'good', 2, 4, 80, 0, 0),
(691, 11, 'good', 2, 5, 80, 0, 0),
(692, 11, 'good', 2, 6, 80, 0, 0),
(693, 11, 'good', 2, 7, 80, 0, 0),
(694, 11, 'good', 2, 8, 80, 0, 0),
(695, 11, 'good', 2, 9, 80, 0, 0),
(696, 11, 'good', 2, 10, 80, 0, 0),
(697, 11, 'good', 2, 11, 80, 0, 0),
(698, 11, 'good', 2, 12, 80, 0, 0),
(699, 11, 'good', 3, 1, 80, 0, 0),
(700, 11, 'good', 3, 2, 80, 0, 0),
(701, 11, 'good', 3, 3, 80, 0, 0),
(702, 11, 'good', 3, 4, 80, 0, 0),
(703, 11, 'good', 3, 5, 80, 0, 0),
(704, 11, 'good', 3, 6, 80, 0, 0),
(705, 11, 'good', 3, 7, 80, 0, 0),
(706, 11, 'good', 3, 8, 80, 0, 0),
(707, 11, 'good', 3, 9, 80, 0, 0),
(708, 11, 'good', 3, 10, 80, 0, 0),
(709, 11, 'good', 3, 11, 80, 0, 0),
(710, 11, 'good', 3, 12, 80, 0, 0),
(711, 11, 'good', 4, 1, 80, 0, 0),
(712, 11, 'good', 4, 2, 80, 0, 0),
(713, 11, 'good', 4, 3, 80, 0, 0),
(714, 11, 'good', 4, 4, 80, 0, 0),
(715, 11, 'good', 4, 5, 80, 0, 0),
(716, 11, 'good', 4, 6, 80, 0, 0),
(717, 11, 'good', 4, 7, 80, 0, 0),
(718, 11, 'good', 4, 8, 80, 0, 0),
(719, 11, 'good', 4, 9, 80, 0, 0),
(720, 11, 'good', 4, 10, 80, 0, 0),
(721, 11, 'good', 4, 11, 80, 0, 0),
(722, 11, 'good', 4, 12, 80, 0, 0),
(723, 11, 'good', 5, 1, 80, 0, 0),
(724, 11, 'good', 5, 2, 80, 0, 0),
(725, 11, 'good', 5, 3, 80, 0, 0),
(726, 11, 'good', 5, 4, 80, 0, 0),
(727, 11, 'good', 5, 5, 80, 0, 0),
(728, 11, 'good', 5, 6, 80, 0, 0),
(729, 11, 'good', 5, 7, 80, 0, 0),
(730, 11, 'good', 5, 8, 80, 0, 0),
(731, 11, 'good', 5, 9, 80, 0, 0),
(732, 11, 'good', 5, 10, 80, 0, 0),
(733, 11, 'good', 5, 11, 80, 0, 0),
(734, 11, 'good', 5, 12, 80, 0, 0),
(735, 11, 'good', 6, 1, 80, 0, 0),
(736, 11, 'good', 6, 2, 80, 0, 0),
(737, 11, 'good', 6, 3, 80, 0, 0),
(738, 11, 'good', 6, 4, 80, 0, 0),
(739, 11, 'good', 6, 5, 80, 0, 0),
(740, 11, 'good', 6, 6, 80, 0, 0),
(741, 11, 'good', 6, 7, 80, 0, 0),
(742, 11, 'good', 6, 8, 80, 0, 0),
(743, 11, 'good', 6, 9, 80, 0, 0),
(744, 11, 'good', 6, 10, 80, 0, 0),
(745, 11, 'good', 6, 11, 80, 0, 0),
(746, 11, 'good', 6, 12, 80, 0, 0),
(747, 11, 'luxe', 7, 1, 120, 0, 0),
(748, 11, 'luxe', 7, 2, 120, 0, 0),
(749, 11, 'luxe', 7, 3, 120, 0, 0),
(750, 11, 'luxe', 7, 4, 120, 0, 0),
(751, 11, 'luxe', 7, 5, 120, 0, 0),
(752, 11, 'luxe', 7, 6, 120, 0, 0),
(753, 11, 'luxe', 7, 7, 120, 0, 0),
(754, 11, 'luxe', 7, 8, 120, 0, 0),
(755, 11, 'luxe', 7, 9, 120, 0, 0),
(756, 11, 'luxe', 7, 10, 120, 0, 0),
(757, 11, 'luxe', 7, 11, 120, 0, 0),
(758, 11, 'luxe', 7, 12, 120, 0, 0),
(759, 12, 'good', 1, 1, 80, 0, 0),
(760, 12, 'good', 1, 2, 80, 0, 0),
(761, 12, 'good', 1, 3, 80, 0, 0),
(762, 12, 'good', 1, 4, 80, 0, 0),
(763, 12, 'good', 1, 5, 80, 0, 0),
(764, 12, 'good', 1, 6, 80, 0, 0),
(765, 12, 'good', 1, 7, 80, 0, 0),
(766, 12, 'good', 1, 8, 80, 0, 0),
(767, 12, 'good', 1, 9, 80, 0, 0),
(768, 12, 'good', 1, 10, 80, 0, 0),
(769, 12, 'good', 1, 11, 80, 0, 0),
(770, 12, 'good', 1, 12, 80, 0, 0),
(771, 12, 'good', 2, 1, 80, 0, 0),
(772, 12, 'good', 2, 2, 80, 0, 0),
(773, 12, 'good', 2, 3, 80, 0, 0),
(774, 12, 'good', 2, 4, 80, 0, 0),
(775, 12, 'good', 2, 5, 80, 0, 0),
(776, 12, 'good', 2, 6, 80, 0, 0),
(777, 12, 'good', 2, 7, 80, 0, 0),
(778, 12, 'good', 2, 8, 80, 0, 0),
(779, 12, 'good', 2, 9, 80, 0, 0),
(780, 12, 'good', 2, 10, 80, 0, 0),
(781, 12, 'good', 2, 11, 80, 0, 0),
(782, 12, 'good', 2, 12, 80, 0, 0),
(783, 12, 'good', 3, 1, 80, 0, 0),
(784, 12, 'good', 3, 2, 80, 0, 0),
(785, 12, 'good', 3, 3, 80, 0, 0),
(786, 12, 'good', 3, 4, 80, 0, 0),
(787, 12, 'good', 3, 5, 80, 0, 0),
(788, 12, 'good', 3, 6, 80, 0, 0),
(789, 12, 'good', 3, 7, 80, 0, 0),
(790, 12, 'good', 3, 8, 80, 0, 0),
(791, 12, 'good', 3, 9, 80, 0, 0),
(792, 12, 'good', 3, 10, 80, 0, 0),
(793, 12, 'good', 3, 11, 80, 0, 0),
(794, 12, 'good', 3, 12, 80, 0, 0),
(795, 12, 'good', 4, 1, 80, 0, 0),
(796, 12, 'good', 4, 2, 80, 0, 0),
(797, 12, 'good', 4, 3, 80, 0, 0),
(798, 12, 'good', 4, 4, 80, 0, 0),
(799, 12, 'good', 4, 5, 80, 0, 0),
(800, 12, 'good', 4, 6, 80, 0, 0),
(801, 12, 'good', 4, 7, 80, 0, 0),
(802, 12, 'good', 4, 8, 80, 0, 0),
(803, 12, 'good', 4, 9, 80, 0, 0),
(804, 12, 'good', 4, 10, 80, 0, 0),
(805, 12, 'good', 4, 11, 80, 0, 0),
(806, 12, 'good', 4, 12, 80, 0, 0),
(807, 12, 'good', 5, 1, 80, 0, 0),
(808, 12, 'good', 5, 2, 80, 0, 0),
(809, 12, 'good', 5, 3, 80, 0, 0),
(810, 12, 'good', 5, 4, 80, 0, 0),
(811, 12, 'good', 5, 5, 80, 0, 0),
(812, 12, 'good', 5, 6, 80, 0, 0),
(813, 12, 'good', 5, 7, 80, 0, 0),
(814, 12, 'good', 5, 8, 80, 0, 0),
(815, 12, 'good', 5, 9, 80, 0, 0),
(816, 12, 'good', 5, 10, 80, 0, 0),
(817, 12, 'good', 5, 11, 80, 0, 0),
(818, 12, 'good', 5, 12, 80, 0, 0),
(819, 12, 'good', 6, 1, 80, 0, 0),
(820, 12, 'good', 6, 2, 80, 0, 0),
(821, 12, 'good', 6, 3, 80, 0, 0),
(822, 12, 'good', 6, 4, 80, 0, 0),
(823, 12, 'good', 6, 5, 80, 0, 0),
(824, 12, 'good', 6, 6, 80, 0, 0),
(825, 12, 'good', 6, 7, 80, 0, 0),
(826, 12, 'good', 6, 8, 80, 0, 0),
(827, 12, 'good', 6, 9, 80, 0, 0),
(828, 12, 'good', 6, 10, 80, 0, 0),
(829, 12, 'good', 6, 11, 80, 0, 0),
(830, 12, 'good', 6, 12, 80, 0, 0),
(831, 12, 'luxe', 7, 1, 120, 0, 0),
(832, 12, 'luxe', 7, 2, 120, 0, 0),
(833, 12, 'luxe', 7, 3, 120, 0, 0),
(834, 12, 'luxe', 7, 4, 120, 0, 0),
(835, 12, 'luxe', 7, 5, 120, 0, 0),
(836, 12, 'luxe', 7, 6, 120, 0, 0),
(837, 12, 'luxe', 7, 7, 120, 0, 0),
(838, 12, 'luxe', 7, 8, 120, 0, 0),
(839, 12, 'luxe', 7, 9, 120, 0, 0),
(840, 12, 'luxe', 7, 10, 120, 0, 0),
(841, 12, 'luxe', 7, 11, 120, 0, 0),
(842, 12, 'luxe', 7, 12, 120, 0, 0),
(927, 14, 'good', 1, 1, 80, 0, 0),
(928, 14, 'good', 1, 2, 80, 0, 0),
(929, 14, 'good', 1, 3, 80, 0, 0),
(930, 14, 'good', 1, 4, 80, 0, 0),
(931, 14, 'good', 1, 5, 80, 0, 0),
(932, 14, 'good', 1, 6, 80, 0, 0),
(933, 14, 'good', 1, 7, 80, 0, 0),
(934, 14, 'good', 1, 8, 80, 0, 0),
(935, 14, 'good', 1, 9, 80, 0, 0),
(936, 14, 'good', 1, 10, 80, 0, 0),
(937, 14, 'good', 1, 11, 80, 0, 0),
(938, 14, 'good', 1, 12, 80, 0, 0),
(939, 14, 'good', 2, 1, 80, 0, 0),
(940, 14, 'good', 2, 2, 80, 0, 0),
(941, 14, 'good', 2, 3, 80, 0, 0),
(942, 14, 'good', 2, 4, 80, 0, 0),
(943, 14, 'good', 2, 5, 80, 0, 0),
(944, 14, 'good', 2, 6, 80, 0, 0),
(945, 14, 'good', 2, 7, 80, 0, 0),
(946, 14, 'good', 2, 8, 80, 0, 0),
(947, 14, 'good', 2, 9, 80, 0, 0),
(948, 14, 'good', 2, 10, 80, 0, 0),
(949, 14, 'good', 2, 11, 80, 0, 0),
(950, 14, 'good', 2, 12, 80, 0, 0),
(951, 14, 'good', 3, 1, 80, 0, 0),
(952, 14, 'good', 3, 2, 80, 0, 0),
(953, 14, 'good', 3, 3, 80, 0, 0),
(954, 14, 'good', 3, 4, 80, 0, 0),
(955, 14, 'good', 3, 5, 80, 0, 0),
(956, 14, 'good', 3, 6, 80, 0, 0),
(957, 14, 'good', 3, 7, 80, 0, 0),
(958, 14, 'good', 3, 8, 80, 0, 0),
(959, 14, 'good', 3, 9, 80, 0, 0),
(960, 14, 'good', 3, 10, 80, 0, 0),
(961, 14, 'good', 3, 11, 80, 0, 0),
(962, 14, 'good', 3, 12, 80, 0, 0),
(963, 14, 'good', 4, 1, 80, 0, 0),
(964, 14, 'good', 4, 2, 80, 0, 0),
(965, 14, 'good', 4, 3, 80, 0, 0),
(966, 14, 'good', 4, 4, 80, 0, 0),
(967, 14, 'good', 4, 5, 80, 0, 0),
(968, 14, 'good', 4, 6, 80, 0, 0),
(969, 14, 'good', 4, 7, 80, 0, 0),
(970, 14, 'good', 4, 8, 80, 0, 0),
(971, 14, 'good', 4, 9, 80, 0, 0),
(972, 14, 'good', 4, 10, 80, 0, 0),
(973, 14, 'good', 4, 11, 80, 0, 0),
(974, 14, 'good', 4, 12, 80, 0, 0),
(975, 14, 'good', 5, 1, 80, 0, 0),
(976, 14, 'good', 5, 2, 80, 0, 0),
(977, 14, 'good', 5, 3, 80, 0, 0),
(978, 14, 'good', 5, 4, 80, 0, 0),
(979, 14, 'good', 5, 5, 80, 0, 0),
(980, 14, 'good', 5, 6, 80, 0, 0),
(981, 14, 'good', 5, 7, 80, 0, 0),
(982, 14, 'good', 5, 8, 80, 0, 0),
(983, 14, 'good', 5, 9, 80, 0, 0),
(984, 14, 'good', 5, 10, 80, 0, 0),
(985, 14, 'good', 5, 11, 80, 0, 0),
(986, 14, 'good', 5, 12, 80, 0, 0),
(987, 14, 'good', 6, 1, 80, 0, 0),
(988, 14, 'good', 6, 2, 80, 0, 0),
(989, 14, 'good', 6, 3, 80, 0, 0),
(990, 14, 'good', 6, 4, 80, 0, 0),
(991, 14, 'good', 6, 5, 80, 0, 0),
(992, 14, 'good', 6, 6, 80, 0, 0),
(993, 14, 'good', 6, 7, 80, 0, 0),
(994, 14, 'good', 6, 8, 80, 0, 0),
(995, 14, 'good', 6, 9, 80, 0, 0),
(996, 14, 'good', 6, 10, 80, 0, 0),
(997, 14, 'good', 6, 11, 80, 0, 0),
(998, 14, 'good', 6, 12, 80, 0, 0),
(999, 14, 'luxe', 7, 1, 120, 0, 0),
(1000, 14, 'luxe', 7, 2, 120, 0, 0),
(1001, 14, 'luxe', 7, 3, 120, 0, 0),
(1002, 14, 'luxe', 7, 4, 120, 0, 0),
(1003, 14, 'luxe', 7, 5, 120, 0, 0),
(1004, 14, 'luxe', 7, 6, 120, 0, 0),
(1005, 14, 'luxe', 7, 7, 120, 0, 0),
(1006, 14, 'luxe', 7, 8, 120, 0, 0),
(1007, 14, 'luxe', 7, 9, 120, 0, 0),
(1008, 14, 'luxe', 7, 10, 120, 0, 0),
(1009, 14, 'luxe', 7, 11, 120, 0, 0),
(1010, 14, 'luxe', 7, 12, 120, 0, 0),
(1011, 15, 'good', 1, 1, 80, 0, 0),
(1012, 15, 'good', 1, 2, 80, 0, 0),
(1013, 15, 'good', 1, 3, 80, 0, 0),
(1014, 15, 'good', 1, 4, 80, 0, 0),
(1015, 15, 'good', 1, 5, 80, 0, 0),
(1016, 15, 'good', 1, 6, 80, 0, 0),
(1017, 15, 'good', 1, 7, 80, 0, 0),
(1018, 15, 'good', 1, 8, 80, 0, 0),
(1019, 15, 'good', 1, 9, 80, 0, 0),
(1020, 15, 'good', 1, 10, 80, 0, 0),
(1021, 15, 'good', 1, 11, 80, 0, 0),
(1022, 15, 'good', 1, 12, 80, 0, 0),
(1023, 15, 'good', 2, 1, 80, 0, 0),
(1024, 15, 'good', 2, 2, 80, 0, 0),
(1025, 15, 'good', 2, 3, 80, 0, 0),
(1026, 15, 'good', 2, 4, 80, 0, 0),
(1027, 15, 'good', 2, 5, 80, 0, 0),
(1028, 15, 'good', 2, 6, 80, 0, 0),
(1029, 15, 'good', 2, 7, 80, 0, 0),
(1030, 15, 'good', 2, 8, 80, 0, 0),
(1031, 15, 'good', 2, 9, 80, 0, 0),
(1032, 15, 'good', 2, 10, 80, 0, 0),
(1033, 15, 'good', 2, 11, 80, 0, 0),
(1034, 15, 'good', 2, 12, 80, 0, 0),
(1035, 15, 'good', 3, 1, 80, 0, 0),
(1036, 15, 'good', 3, 2, 80, 0, 0),
(1037, 15, 'good', 3, 3, 80, 0, 0),
(1038, 15, 'good', 3, 4, 80, 0, 0),
(1039, 15, 'good', 3, 5, 80, 0, 0),
(1040, 15, 'good', 3, 6, 80, 0, 0),
(1041, 15, 'good', 3, 7, 80, 0, 0),
(1042, 15, 'good', 3, 8, 80, 0, 0),
(1043, 15, 'good', 3, 9, 80, 0, 0),
(1044, 15, 'good', 3, 10, 80, 0, 0),
(1045, 15, 'good', 3, 11, 80, 0, 0),
(1046, 15, 'good', 3, 12, 80, 0, 0),
(1047, 15, 'good', 4, 1, 80, 0, 0),
(1048, 15, 'good', 4, 2, 80, 0, 0),
(1049, 15, 'good', 4, 3, 80, 0, 0),
(1050, 15, 'good', 4, 4, 80, 0, 0),
(1051, 15, 'good', 4, 5, 80, 0, 0),
(1052, 15, 'good', 4, 6, 80, 0, 0),
(1053, 15, 'good', 4, 7, 80, 0, 0),
(1054, 15, 'good', 4, 8, 80, 0, 0),
(1055, 15, 'good', 4, 9, 80, 0, 0),
(1056, 15, 'good', 4, 10, 80, 0, 0),
(1057, 15, 'good', 4, 11, 80, 0, 0),
(1058, 15, 'good', 4, 12, 80, 0, 0),
(1059, 15, 'good', 5, 1, 80, 0, 0),
(1060, 15, 'good', 5, 2, 80, 0, 0),
(1061, 15, 'good', 5, 3, 80, 0, 0),
(1062, 15, 'good', 5, 4, 80, 0, 0),
(1063, 15, 'good', 5, 5, 80, 0, 0),
(1064, 15, 'good', 5, 6, 80, 0, 0),
(1065, 15, 'good', 5, 7, 80, 0, 0),
(1066, 15, 'good', 5, 8, 80, 0, 0),
(1067, 15, 'good', 5, 9, 80, 0, 0),
(1068, 15, 'good', 5, 10, 80, 0, 0),
(1069, 15, 'good', 5, 11, 80, 0, 0),
(1070, 15, 'good', 5, 12, 80, 0, 0),
(1071, 15, 'good', 6, 1, 80, 0, 0),
(1072, 15, 'good', 6, 2, 80, 0, 0),
(1073, 15, 'good', 6, 3, 80, 0, 0),
(1074, 15, 'good', 6, 4, 80, 0, 0),
(1075, 15, 'good', 6, 5, 80, 0, 0),
(1076, 15, 'good', 6, 6, 80, 0, 0),
(1077, 15, 'good', 6, 7, 80, 0, 0),
(1078, 15, 'good', 6, 8, 80, 0, 0),
(1079, 15, 'good', 6, 9, 80, 0, 0),
(1080, 15, 'good', 6, 10, 80, 0, 0),
(1081, 15, 'good', 6, 11, 80, 0, 0),
(1082, 15, 'good', 6, 12, 80, 0, 0),
(1083, 15, 'luxe', 7, 1, 120, 0, 0),
(1084, 15, 'luxe', 7, 2, 120, 0, 0),
(1085, 15, 'luxe', 7, 3, 120, 0, 0),
(1086, 15, 'luxe', 7, 4, 120, 0, 0),
(1087, 15, 'luxe', 7, 5, 120, 0, 0),
(1088, 15, 'luxe', 7, 6, 120, 0, 0),
(1089, 15, 'luxe', 7, 7, 120, 0, 0),
(1090, 15, 'luxe', 7, 8, 120, 0, 0),
(1091, 15, 'luxe', 7, 9, 120, 0, 0),
(1092, 15, 'luxe', 7, 10, 120, 0, 0),
(1093, 15, 'luxe', 7, 11, 120, 0, 0),
(1094, 15, 'luxe', 7, 12, 120, 0, 0),
(1179, 17, 'good', 1, 1, 80, 0, 0),
(1180, 17, 'good', 1, 2, 80, 0, 0),
(1181, 17, 'good', 1, 3, 80, 0, 0),
(1182, 17, 'good', 1, 4, 80, 0, 0),
(1183, 17, 'good', 1, 5, 80, 0, 0),
(1184, 17, 'good', 1, 6, 80, 0, 0),
(1185, 17, 'good', 1, 7, 80, 0, 0),
(1186, 17, 'good', 1, 8, 80, 0, 0),
(1187, 17, 'good', 1, 9, 80, 0, 0),
(1188, 17, 'good', 1, 10, 80, 0, 0),
(1189, 17, 'good', 1, 11, 80, 0, 0),
(1190, 17, 'good', 1, 12, 80, 0, 0),
(1191, 17, 'good', 2, 1, 80, 0, 0),
(1192, 17, 'good', 2, 2, 80, 0, 0),
(1193, 17, 'good', 2, 3, 80, 0, 0),
(1194, 17, 'good', 2, 4, 80, 0, 0),
(1195, 17, 'good', 2, 5, 80, 0, 0),
(1196, 17, 'good', 2, 6, 80, 0, 0),
(1197, 17, 'good', 2, 7, 80, 0, 0),
(1198, 17, 'good', 2, 8, 80, 0, 0),
(1199, 17, 'good', 2, 9, 80, 0, 0),
(1200, 17, 'good', 2, 10, 80, 0, 0),
(1201, 17, 'good', 2, 11, 80, 0, 0),
(1202, 17, 'good', 2, 12, 80, 0, 0),
(1203, 17, 'good', 3, 1, 80, 0, 0),
(1204, 17, 'good', 3, 2, 80, 0, 0),
(1205, 17, 'good', 3, 3, 80, 0, 0),
(1206, 17, 'good', 3, 4, 80, 0, 0),
(1207, 17, 'good', 3, 5, 80, 0, 0),
(1208, 17, 'good', 3, 6, 80, 0, 0),
(1209, 17, 'good', 3, 7, 80, 0, 0),
(1210, 17, 'good', 3, 8, 80, 0, 0),
(1211, 17, 'good', 3, 9, 80, 0, 0),
(1212, 17, 'good', 3, 10, 80, 0, 0),
(1213, 17, 'good', 3, 11, 80, 0, 0),
(1214, 17, 'good', 3, 12, 80, 0, 0),
(1215, 17, 'good', 4, 1, 80, 0, 0),
(1216, 17, 'good', 4, 2, 80, 0, 0),
(1217, 17, 'good', 4, 3, 80, 0, 0),
(1218, 17, 'good', 4, 4, 80, 0, 0),
(1219, 17, 'good', 4, 5, 80, 0, 0),
(1220, 17, 'good', 4, 6, 80, 0, 0),
(1221, 17, 'good', 4, 7, 80, 0, 0),
(1222, 17, 'good', 4, 8, 80, 0, 0),
(1223, 17, 'good', 4, 9, 80, 0, 0),
(1224, 17, 'good', 4, 10, 80, 0, 0),
(1225, 17, 'good', 4, 11, 80, 0, 0),
(1226, 17, 'good', 4, 12, 80, 0, 0),
(1227, 17, 'good', 5, 1, 80, 0, 0),
(1228, 17, 'good', 5, 2, 80, 0, 0),
(1229, 17, 'good', 5, 3, 80, 0, 0),
(1230, 17, 'good', 5, 4, 80, 0, 0),
(1231, 17, 'good', 5, 5, 80, 0, 0),
(1232, 17, 'good', 5, 6, 80, 0, 0),
(1233, 17, 'good', 5, 7, 80, 0, 0),
(1234, 17, 'good', 5, 8, 80, 0, 0),
(1235, 17, 'good', 5, 9, 80, 0, 0),
(1236, 17, 'good', 5, 10, 80, 0, 0),
(1237, 17, 'good', 5, 11, 80, 0, 0),
(1238, 17, 'good', 5, 12, 80, 0, 0),
(1239, 17, 'good', 6, 1, 80, 0, 0),
(1240, 17, 'good', 6, 2, 80, 0, 0),
(1241, 17, 'good', 6, 3, 80, 0, 0),
(1242, 17, 'good', 6, 4, 80, 0, 0),
(1243, 17, 'good', 6, 5, 80, 0, 0),
(1244, 17, 'good', 6, 6, 80, 0, 0),
(1245, 17, 'good', 6, 7, 80, 0, 0),
(1246, 17, 'good', 6, 8, 80, 0, 0),
(1247, 17, 'good', 6, 9, 80, 0, 0),
(1248, 17, 'good', 6, 10, 80, 0, 0),
(1249, 17, 'good', 6, 11, 80, 0, 0),
(1250, 17, 'good', 6, 12, 80, 0, 0),
(1251, 17, 'luxe', 7, 1, 120, 0, 0),
(1252, 17, 'luxe', 7, 2, 120, 0, 0),
(1253, 17, 'luxe', 7, 3, 120, 0, 0),
(1254, 17, 'luxe', 7, 4, 120, 0, 0),
(1255, 17, 'luxe', 7, 5, 120, 0, 0),
(1256, 17, 'luxe', 7, 6, 120, 0, 0),
(1257, 17, 'luxe', 7, 7, 120, 0, 0),
(1258, 17, 'luxe', 7, 8, 120, 0, 0),
(1259, 17, 'luxe', 7, 9, 120, 0, 0),
(1260, 17, 'luxe', 7, 10, 120, 0, 0),
(1261, 17, 'luxe', 7, 11, 120, 0, 0),
(1262, 17, 'luxe', 7, 12, 120, 0, 0),
(1263, 18, 'good', 1, 1, 80, 0, 0),
(1264, 18, 'good', 1, 2, 80, 0, 0),
(1265, 18, 'good', 1, 3, 80, 0, 0),
(1266, 18, 'good', 1, 4, 80, 0, 0),
(1267, 18, 'good', 1, 5, 80, 0, 0),
(1268, 18, 'good', 1, 6, 80, 0, 0),
(1269, 18, 'good', 1, 7, 80, 0, 0),
(1270, 18, 'good', 1, 8, 80, 0, 0),
(1271, 18, 'good', 1, 9, 80, 0, 0),
(1272, 18, 'good', 1, 10, 80, 0, 0),
(1273, 18, 'good', 1, 11, 80, 0, 0),
(1274, 18, 'good', 1, 12, 80, 0, 0),
(1275, 18, 'good', 2, 1, 80, 0, 0),
(1276, 18, 'good', 2, 2, 80, 0, 0),
(1277, 18, 'good', 2, 3, 80, 0, 0),
(1278, 18, 'good', 2, 4, 80, 0, 0),
(1279, 18, 'good', 2, 5, 80, 0, 0),
(1280, 18, 'good', 2, 6, 80, 0, 0),
(1281, 18, 'good', 2, 7, 80, 0, 0),
(1282, 18, 'good', 2, 8, 80, 0, 0),
(1283, 18, 'good', 2, 9, 80, 0, 0),
(1284, 18, 'good', 2, 10, 80, 0, 0),
(1285, 18, 'good', 2, 11, 80, 0, 0),
(1286, 18, 'good', 2, 12, 80, 0, 0),
(1287, 18, 'good', 3, 1, 80, 0, 0),
(1288, 18, 'good', 3, 2, 80, 0, 0),
(1289, 18, 'good', 3, 3, 80, 0, 0),
(1290, 18, 'good', 3, 4, 80, 0, 0),
(1291, 18, 'good', 3, 5, 80, 0, 0),
(1292, 18, 'good', 3, 6, 80, 0, 0),
(1293, 18, 'good', 3, 7, 80, 0, 0),
(1294, 18, 'good', 3, 8, 80, 0, 0),
(1295, 18, 'good', 3, 9, 80, 0, 0),
(1296, 18, 'good', 3, 10, 80, 0, 0),
(1297, 18, 'good', 3, 11, 80, 0, 0),
(1298, 18, 'good', 3, 12, 80, 0, 0),
(1299, 18, 'good', 4, 1, 80, 0, 0),
(1300, 18, 'good', 4, 2, 80, 0, 0),
(1301, 18, 'good', 4, 3, 80, 0, 0),
(1302, 18, 'good', 4, 4, 80, 0, 0),
(1303, 18, 'good', 4, 5, 80, 0, 0),
(1304, 18, 'good', 4, 6, 80, 0, 0),
(1305, 18, 'good', 4, 7, 80, 0, 0),
(1306, 18, 'good', 4, 8, 80, 0, 0),
(1307, 18, 'good', 4, 9, 80, 0, 0),
(1308, 18, 'good', 4, 10, 80, 0, 0),
(1309, 18, 'good', 4, 11, 80, 0, 0),
(1310, 18, 'good', 4, 12, 80, 0, 0),
(1311, 18, 'good', 5, 1, 80, 0, 0),
(1312, 18, 'good', 5, 2, 80, 0, 0),
(1313, 18, 'good', 5, 3, 80, 0, 0),
(1314, 18, 'good', 5, 4, 80, 0, 0),
(1315, 18, 'good', 5, 5, 80, 0, 0),
(1316, 18, 'good', 5, 6, 80, 0, 0),
(1317, 18, 'good', 5, 7, 80, 0, 0),
(1318, 18, 'good', 5, 8, 80, 0, 0),
(1319, 18, 'good', 5, 9, 80, 0, 0),
(1320, 18, 'good', 5, 10, 80, 0, 0),
(1321, 18, 'good', 5, 11, 80, 0, 0),
(1322, 18, 'good', 5, 12, 80, 0, 0),
(1323, 18, 'good', 6, 1, 80, 0, 0),
(1324, 18, 'good', 6, 2, 80, 0, 0),
(1325, 18, 'good', 6, 3, 80, 0, 0),
(1326, 18, 'good', 6, 4, 80, 0, 0),
(1327, 18, 'good', 6, 5, 80, 0, 0),
(1328, 18, 'good', 6, 6, 80, 0, 0),
(1329, 18, 'good', 6, 7, 80, 0, 0),
(1330, 18, 'good', 6, 8, 80, 0, 0),
(1331, 18, 'good', 6, 9, 80, 0, 0),
(1332, 18, 'good', 6, 10, 80, 0, 0),
(1333, 18, 'good', 6, 11, 80, 0, 0),
(1334, 18, 'good', 6, 12, 80, 0, 0),
(1335, 18, 'luxe', 7, 1, 120, 0, 0),
(1336, 18, 'luxe', 7, 2, 120, 0, 0),
(1337, 18, 'luxe', 7, 3, 120, 0, 0),
(1338, 18, 'luxe', 7, 4, 120, 0, 0),
(1339, 18, 'luxe', 7, 5, 120, 0, 0),
(1340, 18, 'luxe', 7, 6, 120, 0, 0),
(1341, 18, 'luxe', 7, 7, 120, 0, 0),
(1342, 18, 'luxe', 7, 8, 120, 0, 0),
(1343, 18, 'luxe', 7, 9, 120, 0, 0),
(1344, 18, 'luxe', 7, 10, 120, 0, 0),
(1345, 18, 'luxe', 7, 11, 120, 0, 0),
(1346, 18, 'luxe', 7, 12, 120, 0, 0),
(1347, 19, 'good', 1, 1, 80, 0, 0),
(1348, 19, 'good', 1, 2, 80, 0, 0),
(1349, 19, 'good', 1, 3, 80, 0, 0),
(1350, 19, 'good', 1, 4, 80, 0, 0),
(1351, 19, 'good', 1, 5, 80, 0, 0),
(1352, 19, 'good', 1, 6, 80, 0, 0),
(1353, 19, 'good', 1, 7, 80, 0, 0),
(1354, 19, 'good', 1, 8, 80, 0, 0),
(1355, 19, 'good', 1, 9, 80, 0, 0),
(1356, 19, 'good', 1, 10, 80, 0, 0),
(1357, 19, 'good', 1, 11, 80, 0, 0),
(1358, 19, 'good', 1, 12, 80, 0, 0),
(1359, 19, 'good', 2, 1, 80, 0, 0),
(1360, 19, 'good', 2, 2, 80, 0, 0),
(1361, 19, 'good', 2, 3, 80, 0, 0),
(1362, 19, 'good', 2, 4, 80, 0, 0),
(1363, 19, 'good', 2, 5, 80, 0, 0),
(1364, 19, 'good', 2, 6, 80, 0, 0),
(1365, 19, 'good', 2, 7, 80, 0, 0),
(1366, 19, 'good', 2, 8, 80, 0, 0),
(1367, 19, 'good', 2, 9, 80, 0, 0),
(1368, 19, 'good', 2, 10, 80, 0, 0),
(1369, 19, 'good', 2, 11, 80, 0, 0),
(1370, 19, 'good', 2, 12, 80, 0, 0),
(1371, 19, 'good', 3, 1, 80, 0, 0),
(1372, 19, 'good', 3, 2, 80, 0, 0),
(1373, 19, 'good', 3, 3, 80, 0, 0),
(1374, 19, 'good', 3, 4, 80, 0, 0),
(1375, 19, 'good', 3, 5, 80, 0, 0),
(1376, 19, 'good', 3, 6, 80, 0, 0),
(1377, 19, 'good', 3, 7, 80, 0, 0),
(1378, 19, 'good', 3, 8, 80, 0, 0),
(1379, 19, 'good', 3, 9, 80, 0, 0),
(1380, 19, 'good', 3, 10, 80, 0, 0),
(1381, 19, 'good', 3, 11, 80, 0, 0),
(1382, 19, 'good', 3, 12, 80, 0, 0),
(1383, 19, 'good', 4, 1, 80, 0, 0),
(1384, 19, 'good', 4, 2, 80, 0, 0),
(1385, 19, 'good', 4, 3, 80, 0, 0),
(1386, 19, 'good', 4, 4, 80, 0, 0),
(1387, 19, 'good', 4, 5, 80, 0, 0),
(1388, 19, 'good', 4, 6, 80, 0, 0),
(1389, 19, 'good', 4, 7, 80, 0, 0),
(1390, 19, 'good', 4, 8, 80, 0, 0),
(1391, 19, 'good', 4, 9, 80, 0, 0),
(1392, 19, 'good', 4, 10, 80, 0, 0),
(1393, 19, 'good', 4, 11, 80, 0, 0),
(1394, 19, 'good', 4, 12, 80, 0, 0),
(1395, 19, 'good', 5, 1, 80, 0, 0),
(1396, 19, 'good', 5, 2, 80, 0, 0),
(1397, 19, 'good', 5, 3, 80, 0, 0),
(1398, 19, 'good', 5, 4, 80, 0, 0),
(1399, 19, 'good', 5, 5, 80, 0, 0),
(1400, 19, 'good', 5, 6, 80, 0, 0),
(1401, 19, 'good', 5, 7, 80, 0, 0),
(1402, 19, 'good', 5, 8, 80, 0, 0),
(1403, 19, 'good', 5, 9, 80, 0, 0),
(1404, 19, 'good', 5, 10, 80, 0, 0),
(1405, 19, 'good', 5, 11, 80, 0, 0),
(1406, 19, 'good', 5, 12, 80, 0, 0),
(1407, 19, 'good', 6, 1, 80, 0, 0),
(1408, 19, 'good', 6, 2, 80, 0, 0),
(1409, 19, 'good', 6, 3, 80, 0, 0),
(1410, 19, 'good', 6, 4, 80, 0, 0),
(1411, 19, 'good', 6, 5, 80, 0, 0),
(1412, 19, 'good', 6, 6, 80, 0, 0),
(1413, 19, 'good', 6, 7, 80, 0, 0),
(1414, 19, 'good', 6, 8, 80, 0, 0),
(1415, 19, 'good', 6, 9, 80, 0, 0),
(1416, 19, 'good', 6, 10, 80, 0, 0),
(1417, 19, 'good', 6, 11, 80, 0, 0),
(1418, 19, 'good', 6, 12, 80, 0, 0),
(1419, 19, 'luxe', 7, 1, 120, 0, 0),
(1420, 19, 'luxe', 7, 2, 120, 0, 0),
(1421, 19, 'luxe', 7, 3, 120, 0, 0),
(1422, 19, 'luxe', 7, 4, 120, 0, 0),
(1423, 19, 'luxe', 7, 5, 120, 0, 0),
(1424, 19, 'luxe', 7, 6, 120, 0, 0),
(1425, 19, 'luxe', 7, 7, 120, 0, 0),
(1426, 19, 'luxe', 7, 8, 120, 0, 0),
(1427, 19, 'luxe', 7, 9, 120, 0, 0),
(1428, 19, 'luxe', 7, 10, 120, 0, 0),
(1429, 19, 'luxe', 7, 11, 120, 0, 0),
(1430, 19, 'luxe', 7, 12, 120, 0, 0),
(1431, 20, 'good', 1, 1, 80, 0, 0),
(1432, 20, 'good', 1, 2, 80, 0, 0),
(1433, 20, 'good', 1, 3, 80, 0, 0),
(1434, 20, 'good', 1, 4, 80, 0, 0),
(1435, 20, 'good', 1, 5, 80, 0, 0),
(1436, 20, 'good', 1, 6, 80, 0, 0),
(1437, 20, 'good', 1, 7, 80, 0, 0),
(1438, 20, 'good', 1, 8, 80, 0, 0),
(1439, 20, 'good', 1, 9, 80, 0, 0),
(1440, 20, 'good', 1, 10, 80, 0, 0),
(1441, 20, 'good', 1, 11, 80, 0, 0),
(1442, 20, 'good', 1, 12, 80, 0, 0),
(1443, 20, 'good', 2, 1, 80, 0, 0),
(1444, 20, 'good', 2, 2, 80, 0, 0),
(1445, 20, 'good', 2, 3, 80, 0, 0),
(1446, 20, 'good', 2, 4, 80, 0, 0),
(1447, 20, 'good', 2, 5, 80, 0, 0),
(1448, 20, 'good', 2, 6, 80, 0, 0),
(1449, 20, 'good', 2, 7, 80, 0, 0),
(1450, 20, 'good', 2, 8, 80, 0, 0),
(1451, 20, 'good', 2, 9, 80, 0, 0),
(1452, 20, 'good', 2, 10, 80, 1, 0),
(1453, 20, 'good', 2, 11, 80, 0, 0),
(1454, 20, 'good', 2, 12, 80, 0, 0),
(1455, 20, 'good', 3, 1, 80, 0, 0),
(1456, 20, 'good', 3, 2, 80, 0, 0),
(1457, 20, 'good', 3, 3, 80, 0, 0),
(1458, 20, 'good', 3, 4, 80, 0, 0),
(1459, 20, 'good', 3, 5, 80, 0, 0),
(1460, 20, 'good', 3, 6, 80, 1, 0),
(1461, 20, 'good', 3, 7, 80, 1, 0),
(1462, 20, 'good', 3, 8, 80, 1, 0),
(1463, 20, 'good', 3, 9, 80, 0, 0),
(1464, 20, 'good', 3, 10, 80, 0, 0),
(1465, 20, 'good', 3, 11, 80, 0, 0),
(1466, 20, 'good', 3, 12, 80, 0, 0),
(1467, 20, 'good', 4, 1, 80, 0, 0),
(1468, 20, 'good', 4, 2, 80, 0, 0),
(1469, 20, 'good', 4, 3, 80, 0, 0),
(1470, 20, 'good', 4, 4, 80, 0, 0),
(1471, 20, 'good', 4, 5, 80, 1, 0),
(1472, 20, 'good', 4, 6, 80, 1, 0),
(1473, 20, 'good', 4, 7, 80, 1, 0),
(1474, 20, 'good', 4, 8, 80, 1, 0),
(1475, 20, 'good', 4, 9, 80, 0, 0),
(1476, 20, 'good', 4, 10, 80, 0, 0),
(1477, 20, 'good', 4, 11, 80, 0, 0),
(1478, 20, 'good', 4, 12, 80, 0, 0),
(1479, 20, 'good', 5, 1, 80, 0, 0),
(1480, 20, 'good', 5, 2, 80, 0, 0),
(1481, 20, 'good', 5, 3, 80, 0, 0),
(1482, 20, 'good', 5, 4, 80, 0, 0),
(1483, 20, 'good', 5, 5, 80, 0, 0),
(1484, 20, 'good', 5, 6, 80, 0, 0),
(1485, 20, 'good', 5, 7, 80, 0, 0),
(1486, 20, 'good', 5, 8, 80, 0, 0),
(1487, 20, 'good', 5, 9, 80, 0, 0),
(1488, 20, 'good', 5, 10, 80, 0, 0),
(1489, 20, 'good', 5, 11, 80, 0, 0),
(1490, 20, 'good', 5, 12, 80, 0, 0),
(1491, 20, 'good', 6, 1, 80, 0, 0),
(1492, 20, 'good', 6, 2, 80, 0, 0),
(1493, 20, 'good', 6, 3, 80, 0, 0),
(1494, 20, 'good', 6, 4, 80, 0, 0),
(1495, 20, 'good', 6, 5, 80, 0, 0),
(1496, 20, 'good', 6, 6, 80, 0, 0),
(1497, 20, 'good', 6, 7, 80, 0, 0),
(1498, 20, 'good', 6, 8, 80, 0, 0),
(1499, 20, 'good', 6, 9, 80, 0, 0),
(1500, 20, 'good', 6, 10, 80, 0, 0),
(1501, 20, 'good', 6, 11, 80, 0, 0),
(1502, 20, 'good', 6, 12, 80, 0, 0),
(1503, 20, 'luxe', 7, 1, 120, 0, 0),
(1504, 20, 'luxe', 7, 2, 120, 0, 0),
(1505, 20, 'luxe', 7, 3, 120, 0, 0),
(1506, 20, 'luxe', 7, 4, 120, 0, 0),
(1507, 20, 'luxe', 7, 5, 120, 0, 0),
(1508, 20, 'luxe', 7, 6, 120, 0, 0),
(1509, 20, 'luxe', 7, 7, 120, 0, 0),
(1510, 20, 'luxe', 7, 8, 120, 0, 0),
(1511, 20, 'luxe', 7, 9, 120, 0, 0),
(1512, 20, 'luxe', 7, 10, 120, 0, 0),
(1513, 20, 'luxe', 7, 11, 120, 0, 0),
(1514, 20, 'luxe', 7, 12, 120, 0, 0),
(1515, 21, 'good', 1, 1, 80, 0, 0),
(1516, 21, 'good', 1, 2, 80, 0, 0),
(1517, 21, 'good', 1, 3, 80, 0, 0),
(1518, 21, 'good', 1, 4, 80, 0, 0),
(1519, 21, 'good', 1, 5, 80, 0, 0),
(1520, 21, 'good', 1, 6, 80, 0, 0),
(1521, 21, 'good', 1, 7, 80, 0, 0),
(1522, 21, 'good', 1, 8, 80, 0, 0),
(1523, 21, 'good', 1, 9, 80, 0, 0),
(1524, 21, 'good', 1, 10, 80, 0, 0),
(1525, 21, 'good', 1, 11, 80, 0, 0),
(1526, 21, 'good', 1, 12, 80, 0, 0),
(1527, 21, 'good', 2, 1, 80, 0, 0),
(1528, 21, 'good', 2, 2, 80, 0, 0),
(1529, 21, 'good', 2, 3, 80, 0, 0),
(1530, 21, 'good', 2, 4, 80, 0, 0),
(1531, 21, 'good', 2, 5, 80, 0, 0),
(1532, 21, 'good', 2, 6, 80, 0, 0),
(1533, 21, 'good', 2, 7, 80, 0, 0),
(1534, 21, 'good', 2, 8, 80, 0, 0),
(1535, 21, 'good', 2, 9, 80, 0, 0),
(1536, 21, 'good', 2, 10, 80, 0, 0),
(1537, 21, 'good', 2, 11, 80, 0, 0),
(1538, 21, 'good', 2, 12, 80, 0, 0),
(1539, 21, 'good', 3, 1, 80, 0, 0),
(1540, 21, 'good', 3, 2, 80, 0, 0),
(1541, 21, 'good', 3, 3, 80, 0, 0),
(1542, 21, 'good', 3, 4, 80, 0, 0),
(1543, 21, 'good', 3, 5, 80, 0, 0),
(1544, 21, 'good', 3, 6, 80, 1, 0),
(1545, 21, 'good', 3, 7, 80, 1, 0),
(1546, 21, 'good', 3, 8, 80, 0, 0),
(1547, 21, 'good', 3, 9, 80, 0, 0),
(1548, 21, 'good', 3, 10, 80, 0, 0),
(1549, 21, 'good', 3, 11, 80, 0, 0),
(1550, 21, 'good', 3, 12, 80, 0, 0),
(1551, 21, 'good', 4, 1, 80, 0, 0),
(1552, 21, 'good', 4, 2, 80, 0, 0),
(1553, 21, 'good', 4, 3, 80, 0, 0),
(1554, 21, 'good', 4, 4, 80, 0, 0),
(1555, 21, 'good', 4, 5, 80, 0, 0),
(1556, 21, 'good', 4, 6, 80, 1, 0),
(1557, 21, 'good', 4, 7, 80, 1, 0),
(1558, 21, 'good', 4, 8, 80, 0, 0),
(1559, 21, 'good', 4, 9, 80, 0, 0),
(1560, 21, 'good', 4, 10, 80, 0, 0),
(1561, 21, 'good', 4, 11, 80, 0, 0),
(1562, 21, 'good', 4, 12, 80, 0, 0),
(1563, 21, 'good', 5, 1, 80, 0, 0),
(1564, 21, 'good', 5, 2, 80, 0, 0),
(1565, 21, 'good', 5, 3, 80, 0, 0),
(1566, 21, 'good', 5, 4, 80, 0, 0),
(1567, 21, 'good', 5, 5, 80, 0, 0),
(1568, 21, 'good', 5, 6, 80, 0, 0),
(1569, 21, 'good', 5, 7, 80, 0, 0),
(1570, 21, 'good', 5, 8, 80, 0, 0),
(1571, 21, 'good', 5, 9, 80, 0, 0),
(1572, 21, 'good', 5, 10, 80, 0, 0),
(1573, 21, 'good', 5, 11, 80, 0, 0),
(1574, 21, 'good', 5, 12, 80, 0, 0),
(1575, 21, 'good', 6, 1, 80, 0, 0),
(1576, 21, 'good', 6, 2, 80, 0, 0),
(1577, 21, 'good', 6, 3, 80, 0, 0),
(1578, 21, 'good', 6, 4, 80, 0, 0),
(1579, 21, 'good', 6, 5, 80, 0, 0),
(1580, 21, 'good', 6, 6, 80, 0, 0),
(1581, 21, 'good', 6, 7, 80, 0, 0),
(1582, 21, 'good', 6, 8, 80, 0, 0),
(1583, 21, 'good', 6, 9, 80, 0, 0),
(1584, 21, 'good', 6, 10, 80, 0, 0),
(1585, 21, 'good', 6, 11, 80, 0, 0),
(1586, 21, 'good', 6, 12, 80, 0, 0),
(1587, 21, 'luxe', 7, 1, 120, 0, 0),
(1588, 21, 'luxe', 7, 2, 120, 0, 0),
(1589, 21, 'luxe', 7, 3, 120, 0, 0),
(1590, 21, 'luxe', 7, 4, 120, 0, 0),
(1591, 21, 'luxe', 7, 5, 120, 0, 0),
(1592, 21, 'luxe', 7, 6, 120, 0, 0),
(1593, 21, 'luxe', 7, 7, 120, 0, 0),
(1594, 21, 'luxe', 7, 8, 120, 0, 0),
(1595, 21, 'luxe', 7, 9, 120, 0, 0),
(1596, 21, 'luxe', 7, 10, 120, 0, 0),
(1597, 21, 'luxe', 7, 11, 120, 0, 0),
(1598, 21, 'luxe', 7, 12, 120, 0, 0),
(1599, 22, 'good', 1, 1, 80, 0, 0),
(1600, 22, 'good', 1, 2, 80, 0, 0),
(1601, 22, 'good', 1, 3, 80, 0, 0),
(1602, 22, 'good', 1, 4, 80, 0, 0),
(1603, 22, 'good', 1, 5, 80, 0, 0),
(1604, 22, 'good', 1, 6, 80, 0, 0),
(1605, 22, 'good', 1, 7, 80, 0, 0),
(1606, 22, 'good', 1, 8, 80, 0, 0),
(1607, 22, 'good', 1, 9, 80, 0, 0),
(1608, 22, 'good', 1, 10, 80, 0, 0),
(1609, 22, 'good', 1, 11, 80, 0, 0),
(1610, 22, 'good', 1, 12, 80, 0, 0),
(1611, 22, 'good', 2, 1, 80, 0, 0),
(1612, 22, 'good', 2, 2, 80, 0, 0),
(1613, 22, 'good', 2, 3, 80, 0, 0),
(1614, 22, 'good', 2, 4, 80, 0, 0),
(1615, 22, 'good', 2, 5, 80, 0, 0),
(1616, 22, 'good', 2, 6, 80, 0, 0),
(1617, 22, 'good', 2, 7, 80, 0, 0),
(1618, 22, 'good', 2, 8, 80, 0, 0),
(1619, 22, 'good', 2, 9, 80, 0, 0),
(1620, 22, 'good', 2, 10, 80, 0, 0),
(1621, 22, 'good', 2, 11, 80, 0, 0),
(1622, 22, 'good', 2, 12, 80, 0, 0),
(1623, 22, 'good', 3, 1, 80, 0, 0),
(1624, 22, 'good', 3, 2, 80, 0, 0),
(1625, 22, 'good', 3, 3, 80, 0, 0),
(1626, 22, 'good', 3, 4, 80, 0, 0),
(1627, 22, 'good', 3, 5, 80, 0, 0),
(1628, 22, 'good', 3, 6, 80, 0, 0),
(1629, 22, 'good', 3, 7, 80, 0, 0),
(1630, 22, 'good', 3, 8, 80, 0, 0),
(1631, 22, 'good', 3, 9, 80, 0, 0),
(1632, 22, 'good', 3, 10, 80, 0, 0),
(1633, 22, 'good', 3, 11, 80, 0, 0),
(1634, 22, 'good', 3, 12, 80, 0, 0),
(1635, 22, 'good', 4, 1, 80, 0, 0),
(1636, 22, 'good', 4, 2, 80, 0, 0),
(1637, 22, 'good', 4, 3, 80, 0, 0),
(1638, 22, 'good', 4, 4, 80, 0, 0),
(1639, 22, 'good', 4, 5, 80, 0, 0),
(1640, 22, 'good', 4, 6, 80, 0, 0),
(1641, 22, 'good', 4, 7, 80, 0, 0),
(1642, 22, 'good', 4, 8, 80, 0, 0),
(1643, 22, 'good', 4, 9, 80, 0, 0),
(1644, 22, 'good', 4, 10, 80, 0, 0),
(1645, 22, 'good', 4, 11, 80, 0, 0),
(1646, 22, 'good', 4, 12, 80, 0, 0),
(1647, 22, 'good', 5, 1, 80, 0, 0),
(1648, 22, 'good', 5, 2, 80, 0, 0),
(1649, 22, 'good', 5, 3, 80, 0, 0),
(1650, 22, 'good', 5, 4, 80, 0, 0),
(1651, 22, 'good', 5, 5, 80, 0, 0),
(1652, 22, 'good', 5, 6, 80, 0, 0),
(1653, 22, 'good', 5, 7, 80, 0, 0),
(1654, 22, 'good', 5, 8, 80, 0, 0),
(1655, 22, 'good', 5, 9, 80, 0, 0),
(1656, 22, 'good', 5, 10, 80, 0, 0),
(1657, 22, 'good', 5, 11, 80, 0, 0),
(1658, 22, 'good', 5, 12, 80, 0, 0),
(1659, 22, 'good', 6, 1, 80, 0, 0),
(1660, 22, 'good', 6, 2, 80, 0, 0),
(1661, 22, 'good', 6, 3, 80, 0, 0),
(1662, 22, 'good', 6, 4, 80, 0, 0),
(1663, 22, 'good', 6, 5, 80, 0, 0),
(1664, 22, 'good', 6, 6, 80, 0, 0),
(1665, 22, 'good', 6, 7, 80, 0, 0),
(1666, 22, 'good', 6, 8, 80, 0, 0),
(1667, 22, 'good', 6, 9, 80, 0, 0);
INSERT INTO `seats` (`id`, `sessionId`, `type`, `row`, `seat`, `price`, `isSold`, `userid`) VALUES
(1668, 22, 'good', 6, 10, 80, 0, 0),
(1669, 22, 'good', 6, 11, 80, 0, 0),
(1670, 22, 'good', 6, 12, 80, 0, 0),
(1671, 22, 'luxe', 7, 1, 120, 0, 0),
(1672, 22, 'luxe', 7, 2, 120, 0, 0),
(1673, 22, 'luxe', 7, 3, 120, 0, 0),
(1674, 22, 'luxe', 7, 4, 120, 0, 0),
(1675, 22, 'luxe', 7, 5, 120, 0, 0),
(1676, 22, 'luxe', 7, 6, 120, 0, 0),
(1677, 22, 'luxe', 7, 7, 120, 0, 0),
(1678, 22, 'luxe', 7, 8, 120, 0, 0),
(1679, 22, 'luxe', 7, 9, 120, 0, 0),
(1680, 22, 'luxe', 7, 10, 120, 0, 0),
(1681, 22, 'luxe', 7, 11, 120, 0, 0),
(1682, 22, 'luxe', 7, 12, 120, 0, 0),
(1683, 23, 'good', 1, 1, 80, 0, 0),
(1684, 23, 'good', 1, 2, 80, 0, 0),
(1685, 23, 'good', 1, 3, 80, 0, 0),
(1686, 23, 'good', 1, 4, 80, 0, 0),
(1687, 23, 'good', 1, 5, 80, 0, 0),
(1688, 23, 'good', 1, 6, 80, 0, 0),
(1689, 23, 'good', 1, 7, 80, 0, 0),
(1690, 23, 'good', 1, 8, 80, 0, 0),
(1691, 23, 'good', 1, 9, 80, 0, 0),
(1692, 23, 'good', 1, 10, 80, 0, 0),
(1693, 23, 'good', 1, 11, 80, 0, 0),
(1694, 23, 'good', 1, 12, 80, 0, 0),
(1695, 23, 'good', 2, 1, 80, 0, 0),
(1696, 23, 'good', 2, 2, 80, 0, 0),
(1697, 23, 'good', 2, 3, 80, 0, 0),
(1698, 23, 'good', 2, 4, 80, 0, 0),
(1699, 23, 'good', 2, 5, 80, 0, 0),
(1700, 23, 'good', 2, 6, 80, 0, 0),
(1701, 23, 'good', 2, 7, 80, 0, 0),
(1702, 23, 'good', 2, 8, 80, 0, 0),
(1703, 23, 'good', 2, 9, 80, 0, 0),
(1704, 23, 'good', 2, 10, 80, 0, 0),
(1705, 23, 'good', 2, 11, 80, 0, 0),
(1706, 23, 'good', 2, 12, 80, 0, 0),
(1707, 23, 'good', 3, 1, 80, 0, 0),
(1708, 23, 'good', 3, 2, 80, 0, 0),
(1709, 23, 'good', 3, 3, 80, 0, 0),
(1710, 23, 'good', 3, 4, 80, 0, 0),
(1711, 23, 'good', 3, 5, 80, 0, 0),
(1712, 23, 'good', 3, 6, 80, 1, 0),
(1713, 23, 'good', 3, 7, 80, 1, 0),
(1714, 23, 'good', 3, 8, 80, 0, 0),
(1715, 23, 'good', 3, 9, 80, 0, 0),
(1716, 23, 'good', 3, 10, 80, 0, 0),
(1717, 23, 'good', 3, 11, 80, 0, 0),
(1718, 23, 'good', 3, 12, 80, 0, 0),
(1719, 23, 'good', 4, 1, 80, 0, 0),
(1720, 23, 'good', 4, 2, 80, 0, 0),
(1721, 23, 'good', 4, 3, 80, 0, 0),
(1722, 23, 'good', 4, 4, 80, 0, 0),
(1723, 23, 'good', 4, 5, 80, 0, 0),
(1724, 23, 'good', 4, 6, 80, 1, 0),
(1725, 23, 'good', 4, 7, 80, 1, 0),
(1726, 23, 'good', 4, 8, 80, 0, 0),
(1727, 23, 'good', 4, 9, 80, 0, 0),
(1728, 23, 'good', 4, 10, 80, 0, 0),
(1729, 23, 'good', 4, 11, 80, 0, 0),
(1730, 23, 'good', 4, 12, 80, 0, 0),
(1731, 23, 'good', 5, 1, 80, 0, 0),
(1732, 23, 'good', 5, 2, 80, 0, 0),
(1733, 23, 'good', 5, 3, 80, 0, 0),
(1734, 23, 'good', 5, 4, 80, 0, 0),
(1735, 23, 'good', 5, 5, 80, 0, 0),
(1736, 23, 'good', 5, 6, 80, 0, 0),
(1737, 23, 'good', 5, 7, 80, 0, 0),
(1738, 23, 'good', 5, 8, 80, 0, 0),
(1739, 23, 'good', 5, 9, 80, 0, 0),
(1740, 23, 'good', 5, 10, 80, 0, 0),
(1741, 23, 'good', 5, 11, 80, 0, 0),
(1742, 23, 'good', 5, 12, 80, 0, 0),
(1743, 23, 'good', 6, 1, 80, 0, 0),
(1744, 23, 'good', 6, 2, 80, 0, 0),
(1745, 23, 'good', 6, 3, 80, 0, 0),
(1746, 23, 'good', 6, 4, 80, 0, 0),
(1747, 23, 'good', 6, 5, 80, 0, 0),
(1748, 23, 'good', 6, 6, 80, 0, 0),
(1749, 23, 'good', 6, 7, 80, 0, 0),
(1750, 23, 'good', 6, 8, 80, 0, 0),
(1751, 23, 'good', 6, 9, 80, 0, 0),
(1752, 23, 'good', 6, 10, 80, 0, 0),
(1753, 23, 'good', 6, 11, 80, 0, 0),
(1754, 23, 'good', 6, 12, 80, 0, 0),
(1755, 23, 'luxe', 7, 1, 120, 0, 0),
(1756, 23, 'luxe', 7, 2, 120, 0, 0),
(1757, 23, 'luxe', 7, 3, 120, 0, 0),
(1758, 23, 'luxe', 7, 4, 120, 0, 0),
(1759, 23, 'luxe', 7, 5, 120, 0, 0),
(1760, 23, 'luxe', 7, 6, 120, 0, 0),
(1761, 23, 'luxe', 7, 7, 120, 0, 0),
(1762, 23, 'luxe', 7, 8, 120, 0, 0),
(1763, 23, 'luxe', 7, 9, 120, 0, 0),
(1764, 23, 'luxe', 7, 10, 120, 0, 0),
(1765, 23, 'luxe', 7, 11, 120, 0, 0),
(1766, 23, 'luxe', 7, 12, 120, 0, 0),
(1935, 26, 'good', 1, 1, 80, 0, 0),
(1936, 26, 'good', 1, 2, 80, 0, 0),
(1937, 26, 'good', 1, 3, 80, 0, 0),
(1938, 26, 'good', 1, 4, 80, 0, 0),
(1939, 26, 'good', 1, 5, 80, 0, 0),
(1940, 26, 'good', 1, 6, 80, 0, 0),
(1941, 26, 'good', 1, 7, 80, 0, 0),
(1942, 26, 'good', 1, 8, 80, 0, 0),
(1943, 26, 'good', 1, 9, 80, 0, 0),
(1944, 26, 'good', 1, 10, 80, 0, 0),
(1945, 26, 'good', 1, 11, 80, 0, 0),
(1946, 26, 'good', 1, 12, 80, 0, 0),
(1947, 26, 'good', 2, 1, 80, 0, 0),
(1948, 26, 'good', 2, 2, 80, 0, 0),
(1949, 26, 'good', 2, 3, 80, 0, 0),
(1950, 26, 'good', 2, 4, 80, 0, 0),
(1951, 26, 'good', 2, 5, 80, 0, 0),
(1952, 26, 'good', 2, 6, 80, 0, 0),
(1953, 26, 'good', 2, 7, 80, 0, 0),
(1954, 26, 'good', 2, 8, 80, 0, 0),
(1955, 26, 'good', 2, 9, 80, 0, 0),
(1956, 26, 'good', 2, 10, 80, 0, 0),
(1957, 26, 'good', 2, 11, 80, 0, 0),
(1958, 26, 'good', 2, 12, 80, 0, 0),
(1959, 26, 'good', 3, 1, 80, 0, 0),
(1960, 26, 'good', 3, 2, 80, 0, 0),
(1961, 26, 'good', 3, 3, 80, 0, 0),
(1962, 26, 'good', 3, 4, 80, 0, 0),
(1963, 26, 'good', 3, 5, 80, 0, 0),
(1964, 26, 'good', 3, 6, 80, 0, 0),
(1965, 26, 'good', 3, 7, 80, 0, 0),
(1966, 26, 'good', 3, 8, 80, 0, 0),
(1967, 26, 'good', 3, 9, 80, 0, 0),
(1968, 26, 'good', 3, 10, 80, 0, 0),
(1969, 26, 'good', 3, 11, 80, 0, 0),
(1970, 26, 'good', 3, 12, 80, 0, 0),
(1971, 26, 'good', 4, 1, 80, 0, 0),
(1972, 26, 'good', 4, 2, 80, 0, 0),
(1973, 26, 'good', 4, 3, 80, 0, 0),
(1974, 26, 'good', 4, 4, 80, 0, 0),
(1975, 26, 'good', 4, 5, 80, 0, 0),
(1976, 26, 'good', 4, 6, 80, 0, 0),
(1977, 26, 'good', 4, 7, 80, 0, 0),
(1978, 26, 'good', 4, 8, 80, 0, 0),
(1979, 26, 'good', 4, 9, 80, 0, 0),
(1980, 26, 'good', 4, 10, 80, 0, 0),
(1981, 26, 'good', 4, 11, 80, 0, 0),
(1982, 26, 'good', 4, 12, 80, 0, 0),
(1983, 26, 'good', 5, 1, 80, 0, 0),
(1984, 26, 'good', 5, 2, 80, 0, 0),
(1985, 26, 'good', 5, 3, 80, 0, 0),
(1986, 26, 'good', 5, 4, 80, 0, 0),
(1987, 26, 'good', 5, 5, 80, 0, 0),
(1988, 26, 'good', 5, 6, 80, 0, 0),
(1989, 26, 'good', 5, 7, 80, 0, 0),
(1990, 26, 'good', 5, 8, 80, 0, 0),
(1991, 26, 'good', 5, 9, 80, 0, 0),
(1992, 26, 'good', 5, 10, 80, 0, 0),
(1993, 26, 'good', 5, 11, 80, 0, 0),
(1994, 26, 'good', 5, 12, 80, 0, 0),
(1995, 26, 'good', 6, 1, 80, 0, 0),
(1996, 26, 'good', 6, 2, 80, 0, 0),
(1997, 26, 'good', 6, 3, 80, 0, 0),
(1998, 26, 'good', 6, 4, 80, 0, 0),
(1999, 26, 'good', 6, 5, 80, 0, 0),
(2000, 26, 'good', 6, 6, 80, 0, 0),
(2001, 26, 'good', 6, 7, 80, 0, 0),
(2002, 26, 'good', 6, 8, 80, 0, 0),
(2003, 26, 'good', 6, 9, 80, 0, 0),
(2004, 26, 'good', 6, 10, 80, 0, 0),
(2005, 26, 'good', 6, 11, 80, 0, 0),
(2006, 26, 'good', 6, 12, 80, 0, 0),
(2007, 26, 'luxe', 7, 1, 120, 0, 0),
(2008, 26, 'luxe', 7, 2, 120, 0, 0),
(2009, 26, 'luxe', 7, 3, 120, 0, 0),
(2010, 26, 'luxe', 7, 4, 120, 0, 0),
(2011, 26, 'luxe', 7, 5, 120, 0, 0),
(2012, 26, 'luxe', 7, 6, 120, 0, 0),
(2013, 26, 'luxe', 7, 7, 120, 0, 0),
(2014, 26, 'luxe', 7, 8, 120, 0, 0),
(2015, 26, 'luxe', 7, 9, 120, 0, 0),
(2016, 26, 'luxe', 7, 10, 120, 0, 0),
(2017, 26, 'luxe', 7, 11, 120, 0, 0),
(2018, 26, 'luxe', 7, 12, 120, 0, 0),
(2019, 27, 'good', 1, 1, 80, 0, 0),
(2020, 27, 'good', 1, 2, 80, 0, 0),
(2021, 27, 'good', 1, 3, 80, 0, 0),
(2022, 27, 'good', 1, 4, 80, 0, 0),
(2023, 27, 'good', 1, 5, 80, 0, 0),
(2024, 27, 'good', 1, 6, 80, 0, 0),
(2025, 27, 'good', 1, 7, 80, 0, 0),
(2026, 27, 'good', 1, 8, 80, 0, 0),
(2027, 27, 'good', 1, 9, 80, 0, 0),
(2028, 27, 'good', 1, 10, 80, 0, 0),
(2029, 27, 'good', 1, 11, 80, 0, 0),
(2030, 27, 'good', 1, 12, 80, 0, 0),
(2031, 27, 'good', 2, 1, 80, 0, 0),
(2032, 27, 'good', 2, 2, 80, 0, 0),
(2033, 27, 'good', 2, 3, 80, 0, 0),
(2034, 27, 'good', 2, 4, 80, 0, 0),
(2035, 27, 'good', 2, 5, 80, 0, 0),
(2036, 27, 'good', 2, 6, 80, 0, 0),
(2037, 27, 'good', 2, 7, 80, 0, 0),
(2038, 27, 'good', 2, 8, 80, 0, 0),
(2039, 27, 'good', 2, 9, 80, 0, 0),
(2040, 27, 'good', 2, 10, 80, 0, 0),
(2041, 27, 'good', 2, 11, 80, 0, 0),
(2042, 27, 'good', 2, 12, 80, 0, 0),
(2043, 27, 'good', 3, 1, 80, 0, 0),
(2044, 27, 'good', 3, 2, 80, 0, 0),
(2045, 27, 'good', 3, 3, 80, 0, 0),
(2046, 27, 'good', 3, 4, 80, 0, 0),
(2047, 27, 'good', 3, 5, 80, 0, 0),
(2048, 27, 'good', 3, 6, 80, 0, 0),
(2049, 27, 'good', 3, 7, 80, 0, 0),
(2050, 27, 'good', 3, 8, 80, 0, 0),
(2051, 27, 'good', 3, 9, 80, 0, 0),
(2052, 27, 'good', 3, 10, 80, 0, 0),
(2053, 27, 'good', 3, 11, 80, 0, 0),
(2054, 27, 'good', 3, 12, 80, 0, 0),
(2055, 27, 'good', 4, 1, 80, 0, 0),
(2056, 27, 'good', 4, 2, 80, 0, 0),
(2057, 27, 'good', 4, 3, 80, 0, 0),
(2058, 27, 'good', 4, 4, 80, 0, 0),
(2059, 27, 'good', 4, 5, 80, 0, 0),
(2060, 27, 'good', 4, 6, 80, 0, 0),
(2061, 27, 'good', 4, 7, 80, 0, 0),
(2062, 27, 'good', 4, 8, 80, 0, 0),
(2063, 27, 'good', 4, 9, 80, 0, 0),
(2064, 27, 'good', 4, 10, 80, 0, 0),
(2065, 27, 'good', 4, 11, 80, 0, 0),
(2066, 27, 'good', 4, 12, 80, 0, 0),
(2067, 27, 'good', 5, 1, 80, 0, 0),
(2068, 27, 'good', 5, 2, 80, 0, 0),
(2069, 27, 'good', 5, 3, 80, 0, 0),
(2070, 27, 'good', 5, 4, 80, 0, 0),
(2071, 27, 'good', 5, 5, 80, 0, 0),
(2072, 27, 'good', 5, 6, 80, 0, 0),
(2073, 27, 'good', 5, 7, 80, 0, 0),
(2074, 27, 'good', 5, 8, 80, 0, 0),
(2075, 27, 'good', 5, 9, 80, 0, 0),
(2076, 27, 'good', 5, 10, 80, 0, 0),
(2077, 27, 'good', 5, 11, 80, 0, 0),
(2078, 27, 'good', 5, 12, 80, 0, 0),
(2079, 27, 'good', 6, 1, 80, 0, 0),
(2080, 27, 'good', 6, 2, 80, 0, 0),
(2081, 27, 'good', 6, 3, 80, 0, 0),
(2082, 27, 'good', 6, 4, 80, 0, 0),
(2083, 27, 'good', 6, 5, 80, 0, 0),
(2084, 27, 'good', 6, 6, 80, 0, 0),
(2085, 27, 'good', 6, 7, 80, 0, 0),
(2086, 27, 'good', 6, 8, 80, 0, 0),
(2087, 27, 'good', 6, 9, 80, 0, 0),
(2088, 27, 'good', 6, 10, 80, 0, 0),
(2089, 27, 'good', 6, 11, 80, 0, 0),
(2090, 27, 'good', 6, 12, 80, 0, 0),
(2091, 27, 'luxe', 7, 1, 120, 0, 0),
(2092, 27, 'luxe', 7, 2, 120, 0, 0),
(2093, 27, 'luxe', 7, 3, 120, 0, 0),
(2094, 27, 'luxe', 7, 4, 120, 0, 0),
(2095, 27, 'luxe', 7, 5, 120, 0, 0),
(2096, 27, 'luxe', 7, 6, 120, 0, 0),
(2097, 27, 'luxe', 7, 7, 120, 0, 0),
(2098, 27, 'luxe', 7, 8, 120, 0, 0),
(2099, 27, 'luxe', 7, 9, 120, 0, 0),
(2100, 27, 'luxe', 7, 10, 120, 0, 0),
(2101, 27, 'luxe', 7, 11, 120, 0, 0),
(2102, 27, 'luxe', 7, 12, 120, 0, 0),
(2103, 28, 'good', 1, 1, 80, 0, 0),
(2104, 28, 'good', 1, 2, 80, 0, 0),
(2105, 28, 'good', 1, 3, 80, 0, 0),
(2106, 28, 'good', 1, 4, 80, 0, 0),
(2107, 28, 'good', 1, 5, 80, 0, 0),
(2108, 28, 'good', 1, 6, 80, 0, 0),
(2109, 28, 'good', 1, 7, 80, 0, 0),
(2110, 28, 'good', 1, 8, 80, 0, 0),
(2111, 28, 'good', 1, 9, 80, 0, 0),
(2112, 28, 'good', 1, 10, 80, 0, 0),
(2113, 28, 'good', 1, 11, 80, 0, 0),
(2114, 28, 'good', 1, 12, 80, 0, 0),
(2115, 28, 'good', 2, 1, 80, 0, 0),
(2116, 28, 'good', 2, 2, 80, 0, 0),
(2117, 28, 'good', 2, 3, 80, 0, 0),
(2118, 28, 'good', 2, 4, 80, 0, 0),
(2119, 28, 'good', 2, 5, 80, 0, 0),
(2120, 28, 'good', 2, 6, 80, 0, 0),
(2121, 28, 'good', 2, 7, 80, 0, 0),
(2122, 28, 'good', 2, 8, 80, 0, 0),
(2123, 28, 'good', 2, 9, 80, 0, 0),
(2124, 28, 'good', 2, 10, 80, 0, 0),
(2125, 28, 'good', 2, 11, 80, 0, 0),
(2126, 28, 'good', 2, 12, 80, 0, 0),
(2127, 28, 'good', 3, 1, 80, 0, 0),
(2128, 28, 'good', 3, 2, 80, 0, 0),
(2129, 28, 'good', 3, 3, 80, 0, 0),
(2130, 28, 'good', 3, 4, 80, 0, 0),
(2131, 28, 'good', 3, 5, 80, 0, 0),
(2132, 28, 'good', 3, 6, 80, 0, 0),
(2133, 28, 'good', 3, 7, 80, 0, 0),
(2134, 28, 'good', 3, 8, 80, 0, 0),
(2135, 28, 'good', 3, 9, 80, 0, 0),
(2136, 28, 'good', 3, 10, 80, 0, 0),
(2137, 28, 'good', 3, 11, 80, 0, 0),
(2138, 28, 'good', 3, 12, 80, 0, 0),
(2139, 28, 'good', 4, 1, 80, 0, 0),
(2140, 28, 'good', 4, 2, 80, 0, 0),
(2141, 28, 'good', 4, 3, 80, 0, 0),
(2142, 28, 'good', 4, 4, 80, 0, 0),
(2143, 28, 'good', 4, 5, 80, 0, 0),
(2144, 28, 'good', 4, 6, 80, 0, 0),
(2145, 28, 'good', 4, 7, 80, 0, 0),
(2146, 28, 'good', 4, 8, 80, 0, 0),
(2147, 28, 'good', 4, 9, 80, 0, 0),
(2148, 28, 'good', 4, 10, 80, 0, 0),
(2149, 28, 'good', 4, 11, 80, 0, 0),
(2150, 28, 'good', 4, 12, 80, 0, 0),
(2151, 28, 'good', 5, 1, 80, 0, 0),
(2152, 28, 'good', 5, 2, 80, 0, 0),
(2153, 28, 'good', 5, 3, 80, 0, 0),
(2154, 28, 'good', 5, 4, 80, 0, 0),
(2155, 28, 'good', 5, 5, 80, 0, 0),
(2156, 28, 'good', 5, 6, 80, 0, 0),
(2157, 28, 'good', 5, 7, 80, 0, 0),
(2158, 28, 'good', 5, 8, 80, 0, 0),
(2159, 28, 'good', 5, 9, 80, 0, 0),
(2160, 28, 'good', 5, 10, 80, 0, 0),
(2161, 28, 'good', 5, 11, 80, 0, 0),
(2162, 28, 'good', 5, 12, 80, 0, 0),
(2163, 28, 'good', 6, 1, 80, 0, 0),
(2164, 28, 'good', 6, 2, 80, 0, 0),
(2165, 28, 'good', 6, 3, 80, 0, 0),
(2166, 28, 'good', 6, 4, 80, 0, 0),
(2167, 28, 'good', 6, 5, 80, 0, 0),
(2168, 28, 'good', 6, 6, 80, 0, 0),
(2169, 28, 'good', 6, 7, 80, 0, 0),
(2170, 28, 'good', 6, 8, 80, 0, 0),
(2171, 28, 'good', 6, 9, 80, 0, 0),
(2172, 28, 'good', 6, 10, 80, 0, 0),
(2173, 28, 'good', 6, 11, 80, 0, 0),
(2174, 28, 'good', 6, 12, 80, 0, 0),
(2175, 28, 'luxe', 7, 1, 120, 0, 0),
(2176, 28, 'luxe', 7, 2, 120, 0, 0),
(2177, 28, 'luxe', 7, 3, 120, 0, 0),
(2178, 28, 'luxe', 7, 4, 120, 0, 0),
(2179, 28, 'luxe', 7, 5, 120, 0, 0),
(2180, 28, 'luxe', 7, 6, 120, 0, 0),
(2181, 28, 'luxe', 7, 7, 120, 0, 0),
(2182, 28, 'luxe', 7, 8, 120, 0, 0),
(2183, 28, 'luxe', 7, 9, 120, 0, 0),
(2184, 28, 'luxe', 7, 10, 120, 0, 0),
(2185, 28, 'luxe', 7, 11, 120, 0, 0),
(2186, 28, 'luxe', 7, 12, 120, 0, 0),
(2271, 30, 'good', 1, 1, 80, 0, 0),
(2272, 30, 'good', 1, 2, 80, 0, 0),
(2273, 30, 'good', 1, 3, 80, 0, 0),
(2274, 30, 'good', 1, 4, 80, 0, 0),
(2275, 30, 'good', 1, 5, 80, 0, 0),
(2276, 30, 'good', 1, 6, 80, 0, 0),
(2277, 30, 'good', 1, 7, 80, 0, 0),
(2278, 30, 'good', 1, 8, 80, 0, 0),
(2279, 30, 'good', 1, 9, 80, 0, 0),
(2280, 30, 'good', 1, 10, 80, 0, 0),
(2281, 30, 'good', 1, 11, 80, 0, 0),
(2282, 30, 'good', 1, 12, 80, 0, 0),
(2283, 30, 'good', 2, 1, 80, 0, 0),
(2284, 30, 'good', 2, 2, 80, 0, 0),
(2285, 30, 'good', 2, 3, 80, 0, 0),
(2286, 30, 'good', 2, 4, 80, 0, 0),
(2287, 30, 'good', 2, 5, 80, 0, 0),
(2288, 30, 'good', 2, 6, 80, 0, 0),
(2289, 30, 'good', 2, 7, 80, 0, 0),
(2290, 30, 'good', 2, 8, 80, 0, 0),
(2291, 30, 'good', 2, 9, 80, 0, 0),
(2292, 30, 'good', 2, 10, 80, 0, 0),
(2293, 30, 'good', 2, 11, 80, 0, 0),
(2294, 30, 'good', 2, 12, 80, 0, 0),
(2295, 30, 'good', 3, 1, 80, 0, 0),
(2296, 30, 'good', 3, 2, 80, 0, 0),
(2297, 30, 'good', 3, 3, 80, 0, 0),
(2298, 30, 'good', 3, 4, 80, 0, 0),
(2299, 30, 'good', 3, 5, 80, 0, 0),
(2300, 30, 'good', 3, 6, 80, 0, 0),
(2301, 30, 'good', 3, 7, 80, 0, 0),
(2302, 30, 'good', 3, 8, 80, 0, 0),
(2303, 30, 'good', 3, 9, 80, 0, 0),
(2304, 30, 'good', 3, 10, 80, 0, 0),
(2305, 30, 'good', 3, 11, 80, 0, 0),
(2306, 30, 'good', 3, 12, 80, 0, 0),
(2307, 30, 'good', 4, 1, 80, 0, 0),
(2308, 30, 'good', 4, 2, 80, 0, 0),
(2309, 30, 'good', 4, 3, 80, 0, 0),
(2310, 30, 'good', 4, 4, 80, 0, 0),
(2311, 30, 'good', 4, 5, 80, 0, 0),
(2312, 30, 'good', 4, 6, 80, 0, 0),
(2313, 30, 'good', 4, 7, 80, 0, 0),
(2314, 30, 'good', 4, 8, 80, 0, 0),
(2315, 30, 'good', 4, 9, 80, 0, 0),
(2316, 30, 'good', 4, 10, 80, 0, 0),
(2317, 30, 'good', 4, 11, 80, 0, 0),
(2318, 30, 'good', 4, 12, 80, 0, 0),
(2319, 30, 'good', 5, 1, 80, 0, 0),
(2320, 30, 'good', 5, 2, 80, 0, 0),
(2321, 30, 'good', 5, 3, 80, 0, 0),
(2322, 30, 'good', 5, 4, 80, 0, 0),
(2323, 30, 'good', 5, 5, 80, 0, 0),
(2324, 30, 'good', 5, 6, 80, 0, 0),
(2325, 30, 'good', 5, 7, 80, 0, 0),
(2326, 30, 'good', 5, 8, 80, 0, 0),
(2327, 30, 'good', 5, 9, 80, 0, 0),
(2328, 30, 'good', 5, 10, 80, 0, 0),
(2329, 30, 'good', 5, 11, 80, 0, 0),
(2330, 30, 'good', 5, 12, 80, 0, 0),
(2331, 30, 'good', 6, 1, 80, 0, 0),
(2332, 30, 'good', 6, 2, 80, 0, 0),
(2333, 30, 'good', 6, 3, 80, 0, 0),
(2334, 30, 'good', 6, 4, 80, 0, 0),
(2335, 30, 'good', 6, 5, 80, 0, 0),
(2336, 30, 'good', 6, 6, 80, 0, 0),
(2337, 30, 'good', 6, 7, 80, 0, 0),
(2338, 30, 'good', 6, 8, 80, 0, 0),
(2339, 30, 'good', 6, 9, 80, 0, 0),
(2340, 30, 'good', 6, 10, 80, 0, 0),
(2341, 30, 'good', 6, 11, 80, 0, 0),
(2342, 30, 'good', 6, 12, 80, 0, 0),
(2343, 30, 'luxe', 7, 1, 120, 0, 0),
(2344, 30, 'luxe', 7, 2, 120, 0, 0),
(2345, 30, 'luxe', 7, 3, 120, 0, 0),
(2346, 30, 'luxe', 7, 4, 120, 0, 0),
(2347, 30, 'luxe', 7, 5, 120, 0, 0),
(2348, 30, 'luxe', 7, 6, 120, 0, 0),
(2349, 30, 'luxe', 7, 7, 120, 0, 0),
(2350, 30, 'luxe', 7, 8, 120, 0, 0),
(2351, 30, 'luxe', 7, 9, 120, 0, 0),
(2352, 30, 'luxe', 7, 10, 120, 0, 0),
(2353, 30, 'luxe', 7, 11, 120, 0, 0),
(2354, 30, 'luxe', 7, 12, 120, 0, 0),
(2439, 32, 'good', 1, 1, 80, 0, 0),
(2440, 32, 'good', 1, 2, 80, 0, 0),
(2441, 32, 'good', 1, 3, 80, 0, 0),
(2442, 32, 'good', 1, 4, 80, 0, 0),
(2443, 32, 'good', 1, 5, 80, 0, 0),
(2444, 32, 'good', 1, 6, 80, 0, 0),
(2445, 32, 'good', 1, 7, 80, 0, 0),
(2446, 32, 'good', 1, 8, 80, 0, 0),
(2447, 32, 'good', 1, 9, 80, 0, 0),
(2448, 32, 'good', 1, 10, 80, 0, 0),
(2449, 32, 'good', 1, 11, 80, 0, 0),
(2450, 32, 'good', 1, 12, 80, 0, 0),
(2451, 32, 'good', 2, 1, 80, 0, 0),
(2452, 32, 'good', 2, 2, 80, 0, 0),
(2453, 32, 'good', 2, 3, 80, 0, 0),
(2454, 32, 'good', 2, 4, 80, 0, 0),
(2455, 32, 'good', 2, 5, 80, 0, 0),
(2456, 32, 'good', 2, 6, 80, 0, 0),
(2457, 32, 'good', 2, 7, 80, 0, 0),
(2458, 32, 'good', 2, 8, 80, 0, 0),
(2459, 32, 'good', 2, 9, 80, 0, 0),
(2460, 32, 'good', 2, 10, 80, 0, 0),
(2461, 32, 'good', 2, 11, 80, 0, 0),
(2462, 32, 'good', 2, 12, 80, 0, 0),
(2463, 32, 'good', 3, 1, 80, 0, 0),
(2464, 32, 'good', 3, 2, 80, 0, 0),
(2465, 32, 'good', 3, 3, 80, 0, 0),
(2466, 32, 'good', 3, 4, 80, 0, 0),
(2467, 32, 'good', 3, 5, 80, 0, 0),
(2468, 32, 'good', 3, 6, 80, 0, 0),
(2469, 32, 'good', 3, 7, 80, 0, 0),
(2470, 32, 'good', 3, 8, 80, 0, 0),
(2471, 32, 'good', 3, 9, 80, 0, 0),
(2472, 32, 'good', 3, 10, 80, 0, 0),
(2473, 32, 'good', 3, 11, 80, 0, 0),
(2474, 32, 'good', 3, 12, 80, 0, 0),
(2475, 32, 'good', 4, 1, 80, 0, 0),
(2476, 32, 'good', 4, 2, 80, 0, 0),
(2477, 32, 'good', 4, 3, 80, 0, 0),
(2478, 32, 'good', 4, 4, 80, 0, 0),
(2479, 32, 'good', 4, 5, 80, 0, 0),
(2480, 32, 'good', 4, 6, 80, 0, 0),
(2481, 32, 'good', 4, 7, 80, 0, 0),
(2482, 32, 'good', 4, 8, 80, 0, 0),
(2483, 32, 'good', 4, 9, 80, 0, 0),
(2484, 32, 'good', 4, 10, 80, 0, 0),
(2485, 32, 'good', 4, 11, 80, 0, 0),
(2486, 32, 'good', 4, 12, 80, 0, 0),
(2487, 32, 'good', 5, 1, 80, 0, 0),
(2488, 32, 'good', 5, 2, 80, 0, 0),
(2489, 32, 'good', 5, 3, 80, 0, 0),
(2490, 32, 'good', 5, 4, 80, 0, 0),
(2491, 32, 'good', 5, 5, 80, 0, 0),
(2492, 32, 'good', 5, 6, 80, 0, 0),
(2493, 32, 'good', 5, 7, 80, 0, 0),
(2494, 32, 'good', 5, 8, 80, 0, 0),
(2495, 32, 'good', 5, 9, 80, 0, 0),
(2496, 32, 'good', 5, 10, 80, 0, 0),
(2497, 32, 'good', 5, 11, 80, 0, 0),
(2498, 32, 'good', 5, 12, 80, 0, 0),
(2499, 32, 'good', 6, 1, 80, 0, 0),
(2500, 32, 'good', 6, 2, 80, 0, 0),
(2501, 32, 'good', 6, 3, 80, 0, 0),
(2502, 32, 'good', 6, 4, 80, 0, 0),
(2503, 32, 'good', 6, 5, 80, 0, 0),
(2504, 32, 'good', 6, 6, 80, 0, 0),
(2505, 32, 'good', 6, 7, 80, 0, 0),
(2506, 32, 'good', 6, 8, 80, 0, 0),
(2507, 32, 'good', 6, 9, 80, 0, 0),
(2508, 32, 'good', 6, 10, 80, 0, 0),
(2509, 32, 'good', 6, 11, 80, 0, 0),
(2510, 32, 'good', 6, 12, 80, 0, 0),
(2511, 32, 'luxe', 7, 1, 120, 0, 0),
(2512, 32, 'luxe', 7, 2, 120, 0, 0),
(2513, 32, 'luxe', 7, 3, 120, 0, 0),
(2514, 32, 'luxe', 7, 4, 120, 0, 0),
(2515, 32, 'luxe', 7, 5, 120, 0, 0),
(2516, 32, 'luxe', 7, 6, 120, 0, 0),
(2517, 32, 'luxe', 7, 7, 120, 0, 0),
(2518, 32, 'luxe', 7, 8, 120, 0, 0),
(2519, 32, 'luxe', 7, 9, 120, 0, 0),
(2520, 32, 'luxe', 7, 10, 120, 0, 0),
(2521, 32, 'luxe', 7, 11, 120, 0, 0),
(2522, 32, 'luxe', 7, 12, 120, 0, 0),
(2523, 33, 'good', 1, 1, 80, 0, 0),
(2524, 33, 'good', 1, 2, 80, 0, 0),
(2525, 33, 'good', 1, 3, 80, 0, 0),
(2526, 33, 'good', 1, 4, 80, 0, 0),
(2527, 33, 'good', 1, 5, 80, 0, 0),
(2528, 33, 'good', 1, 6, 80, 0, 0),
(2529, 33, 'good', 1, 7, 80, 0, 0),
(2530, 33, 'good', 1, 8, 80, 0, 0),
(2531, 33, 'good', 1, 9, 80, 0, 0),
(2532, 33, 'good', 1, 10, 80, 0, 0),
(2533, 33, 'good', 1, 11, 80, 0, 0),
(2534, 33, 'good', 1, 12, 80, 0, 0),
(2535, 33, 'good', 2, 1, 80, 0, 0),
(2536, 33, 'good', 2, 2, 80, 0, 0),
(2537, 33, 'good', 2, 3, 80, 0, 0),
(2538, 33, 'good', 2, 4, 80, 0, 0),
(2539, 33, 'good', 2, 5, 80, 0, 0),
(2540, 33, 'good', 2, 6, 80, 0, 0),
(2541, 33, 'good', 2, 7, 80, 0, 0),
(2542, 33, 'good', 2, 8, 80, 0, 0),
(2543, 33, 'good', 2, 9, 80, 0, 0),
(2544, 33, 'good', 2, 10, 80, 0, 0),
(2545, 33, 'good', 2, 11, 80, 0, 0),
(2546, 33, 'good', 2, 12, 80, 0, 0),
(2547, 33, 'good', 3, 1, 80, 0, 0),
(2548, 33, 'good', 3, 2, 80, 0, 0),
(2549, 33, 'good', 3, 3, 80, 0, 0),
(2550, 33, 'good', 3, 4, 80, 0, 0),
(2551, 33, 'good', 3, 5, 80, 0, 0),
(2552, 33, 'good', 3, 6, 80, 0, 0),
(2553, 33, 'good', 3, 7, 80, 0, 0),
(2554, 33, 'good', 3, 8, 80, 0, 0),
(2555, 33, 'good', 3, 9, 80, 0, 0),
(2556, 33, 'good', 3, 10, 80, 0, 0),
(2557, 33, 'good', 3, 11, 80, 0, 0),
(2558, 33, 'good', 3, 12, 80, 0, 0),
(2559, 33, 'good', 4, 1, 80, 0, 0),
(2560, 33, 'good', 4, 2, 80, 0, 0),
(2561, 33, 'good', 4, 3, 80, 0, 0),
(2562, 33, 'good', 4, 4, 80, 0, 0),
(2563, 33, 'good', 4, 5, 80, 0, 0),
(2564, 33, 'good', 4, 6, 80, 0, 0),
(2565, 33, 'good', 4, 7, 80, 0, 0),
(2566, 33, 'good', 4, 8, 80, 0, 0),
(2567, 33, 'good', 4, 9, 80, 0, 0),
(2568, 33, 'good', 4, 10, 80, 0, 0),
(2569, 33, 'good', 4, 11, 80, 0, 0),
(2570, 33, 'good', 4, 12, 80, 0, 0),
(2571, 33, 'good', 5, 1, 80, 0, 0),
(2572, 33, 'good', 5, 2, 80, 0, 0),
(2573, 33, 'good', 5, 3, 80, 0, 0),
(2574, 33, 'good', 5, 4, 80, 0, 0),
(2575, 33, 'good', 5, 5, 80, 0, 0),
(2576, 33, 'good', 5, 6, 80, 0, 0),
(2577, 33, 'good', 5, 7, 80, 0, 0),
(2578, 33, 'good', 5, 8, 80, 0, 0),
(2579, 33, 'good', 5, 9, 80, 0, 0),
(2580, 33, 'good', 5, 10, 80, 0, 0),
(2581, 33, 'good', 5, 11, 80, 0, 0),
(2582, 33, 'good', 5, 12, 80, 0, 0),
(2583, 33, 'good', 6, 1, 80, 0, 0),
(2584, 33, 'good', 6, 2, 80, 0, 0),
(2585, 33, 'good', 6, 3, 80, 0, 0),
(2586, 33, 'good', 6, 4, 80, 0, 0),
(2587, 33, 'good', 6, 5, 80, 0, 0),
(2588, 33, 'good', 6, 6, 80, 0, 0),
(2589, 33, 'good', 6, 7, 80, 0, 0),
(2590, 33, 'good', 6, 8, 80, 0, 0),
(2591, 33, 'good', 6, 9, 80, 0, 0),
(2592, 33, 'good', 6, 10, 80, 0, 0),
(2593, 33, 'good', 6, 11, 80, 0, 0),
(2594, 33, 'good', 6, 12, 80, 0, 0),
(2595, 33, 'luxe', 7, 1, 120, 0, 0),
(2596, 33, 'luxe', 7, 2, 120, 0, 0),
(2597, 33, 'luxe', 7, 3, 120, 0, 0),
(2598, 33, 'luxe', 7, 4, 120, 0, 0),
(2599, 33, 'luxe', 7, 5, 120, 0, 0),
(2600, 33, 'luxe', 7, 6, 120, 0, 0),
(2601, 33, 'luxe', 7, 7, 120, 0, 0),
(2602, 33, 'luxe', 7, 8, 120, 0, 0),
(2603, 33, 'luxe', 7, 9, 120, 0, 0),
(2604, 33, 'luxe', 7, 10, 120, 0, 0),
(2605, 33, 'luxe', 7, 11, 120, 0, 0),
(2606, 33, 'luxe', 7, 12, 120, 0, 0);

-- --------------------------------------------------------

--
-- Структура таблицы `session`
--

CREATE TABLE `session` (
  `id` int(11) NOT NULL,
  `movieId` int(11) NOT NULL,
  `date` date NOT NULL,
  `time` time NOT NULL
) ENGINE=InnoDB DEFAULT CHARSET=utf8;

--
-- Дамп данных таблицы `session`
--

INSERT INTO `session` (`id`, `movieId`, `date`, `time`) VALUES
(3, 23, '2018-05-01', '10:00:00'),
(4, 23, '2018-05-29', '22:55:00'),
(5, 26, '2018-05-29', '22:56:00'),
(6, 23, '2018-05-31', '23:39:00'),
(7, 23, '2018-05-30', '23:53:00'),
(8, 23, '2018-05-02', '23:53:00'),
(9, 23, '2018-06-02', '23:54:00'),
(10, 23, '2018-05-30', '23:56:00'),
(11, 23, '2018-05-30', '01:56:00'),
(12, 23, '2018-06-12', '20:07:00'),
(14, 26, '2018-06-14', '20:08:00'),
(15, 26, '2018-06-14', '20:08:00'),
(17, 26, '2018-11-14', '20:08:00'),
(18, 26, '2018-06-04', '20:12:00'),
(19, 26, '2018-06-04', '20:13:00'),
(20, 23, '2018-06-06', '21:16:00'),
(21, 23, '2018-06-06', '21:16:00'),
(22, 23, '2018-06-06', '18:16:00'),
(23, 23, '2018-06-12', '14:03:00'),
(26, 23, '2018-06-19', '20:34:00'),
(27, 24, '2018-06-20', '20:52:00'),
(28, 24, '2018-06-20', '20:52:00'),
(30, 23, '2018-06-15', '20:53:00'),
(32, 23, '2018-06-16', '22:52:00'),
(33, 23, '2018-06-16', '18:52:00');

--
-- Триггеры `session`
--
DELIMITER $$
CREATE TRIGGER `addSeatsTrigger` AFTER INSERT ON `session` FOR EACH ROW BEGIN
INSERT INTO seats Set seats.sessionId = new.id, seats.type='good', seats.price=80, seats.row = 1, seats.seat = 1;
INSERT INTO seats Set seats.sessionId = new.id, seats.type='good', seats.price=80, seats.row = 1, seats.seat = 2;
INSERT INTO seats Set seats.sessionId = new.id, seats.type='good', seats.price=80, seats.row = 1, seats.seat = 3;
INSERT INTO seats Set seats.sessionId = new.id, seats.type='good', seats.price=80, seats.row = 1, seats.seat = 4;
INSERT INTO seats Set seats.sessionId = new.id, seats.type='good', seats.price=80, seats.row = 1, seats.seat = 5;
INSERT INTO seats Set seats.sessionId = new.id, seats.type='good', seats.price=80, seats.row = 1, seats.seat = 6;
INSERT INTO seats Set seats.sessionId = new.id, seats.type='good', seats.price=80, seats.row = 1, seats.seat = 7;
INSERT INTO seats Set seats.sessionId = new.id, seats.type='good', seats.price=80, seats.row = 1, seats.seat = 8;
INSERT INTO seats Set seats.sessionId = new.id, seats.type='good', seats.price=80, seats.row = 1, seats.seat = 9;
INSERT INTO seats Set seats.sessionId = new.id, seats.type='good', seats.price=80, seats.row = 1, seats.seat = 10;
INSERT INTO seats Set seats.sessionId = new.id, seats.type='good', seats.price=80, seats.row = 1, seats.seat = 11;
INSERT INTO seats Set seats.sessionId = new.id, seats.type='good', seats.price=80, seats.row = 1, seats.seat = 12;

INSERT INTO seats Set seats.sessionId = new.id, seats.type='good', seats.price=80, seats.row = 2, seats.seat = 1;
INSERT INTO seats Set seats.sessionId = new.id, seats.type='good', seats.price=80, seats.row = 2, seats.seat = 2;
INSERT INTO seats Set seats.sessionId = new.id, seats.type='good', seats.price=80, seats.row = 2, seats.seat = 3;
INSERT INTO seats Set seats.sessionId = new.id, seats.type='good', seats.price=80, seats.row = 2, seats.seat = 4;
INSERT INTO seats Set seats.sessionId = new.id, seats.type='good', seats.price=80, seats.row = 2, seats.seat = 5;
INSERT INTO seats Set seats.sessionId = new.id, seats.type='good', seats.price=80, seats.row = 2, seats.seat = 6;
INSERT INTO seats Set seats.sessionId = new.id, seats.type='good', seats.price=80, seats.row = 2, seats.seat = 7;
INSERT INTO seats Set seats.sessionId = new.id, seats.type='good', seats.price=80, seats.row = 2, seats.seat = 8;
INSERT INTO seats Set seats.sessionId = new.id, seats.type='good', seats.price=80, seats.row = 2, seats.seat = 9;
INSERT INTO seats Set seats.sessionId = new.id, seats.type='good', seats.price=80, seats.row = 2, seats.seat = 10;
INSERT INTO seats Set seats.sessionId = new.id, seats.type='good', seats.price=80, seats.row = 2, seats.seat = 11;
INSERT INTO seats Set seats.sessionId = new.id, seats.type='good', seats.price=80, seats.row = 2, seats.seat = 12;

INSERT INTO seats Set seats.sessionId = new.id, seats.type='good', seats.price=80, seats.row = 3, seats.seat = 1;
INSERT INTO seats Set seats.sessionId = new.id, seats.type='good', seats.price=80, seats.row = 3, seats.seat = 2;
INSERT INTO seats Set seats.sessionId = new.id, seats.type='good', seats.price=80, seats.row = 3, seats.seat = 3;
INSERT INTO seats Set seats.sessionId = new.id, seats.type='good', seats.price=80, seats.row = 3, seats.seat = 4;
INSERT INTO seats Set seats.sessionId = new.id, seats.type='good', seats.price=80, seats.row = 3, seats.seat = 5;
INSERT INTO seats Set seats.sessionId = new.id, seats.type='good', seats.price=80, seats.row = 3, seats.seat = 6;
INSERT INTO seats Set seats.sessionId = new.id, seats.type='good', seats.price=80, seats.row = 3, seats.seat = 7;
INSERT INTO seats Set seats.sessionId = new.id, seats.type='good', seats.price=80, seats.row = 3, seats.seat = 8;
INSERT INTO seats Set seats.sessionId = new.id, seats.type='good', seats.price=80, seats.row = 3, seats.seat = 9;
INSERT INTO seats Set seats.sessionId = new.id, seats.type='good', seats.price=80, seats.row = 3, seats.seat = 10;
INSERT INTO seats Set seats.sessionId = new.id, seats.type='good', seats.price=80, seats.row = 3, seats.seat = 11;
INSERT INTO seats Set seats.sessionId = new.id, seats.type='good', seats.price=80, seats.row = 3, seats.seat = 12;

INSERT INTO seats Set seats.sessionId = new.id, seats.type='good', seats.price=80, seats.row = 4, seats.seat = 1;
INSERT INTO seats Set seats.sessionId = new.id, seats.type='good', seats.price=80, seats.row = 4, seats.seat = 2;
INSERT INTO seats Set seats.sessionId = new.id, seats.type='good', seats.price=80, seats.row = 4, seats.seat = 3;
INSERT INTO seats Set seats.sessionId = new.id, seats.type='good', seats.price=80, seats.row = 4, seats.seat = 4;
INSERT INTO seats Set seats.sessionId = new.id, seats.type='good', seats.price=80, seats.row = 4, seats.seat = 5;
INSERT INTO seats Set seats.sessionId = new.id, seats.type='good', seats.price=80, seats.row = 4, seats.seat = 6;
INSERT INTO seats Set seats.sessionId = new.id, seats.type='good', seats.price=80, seats.row = 4, seats.seat = 7;
INSERT INTO seats Set seats.sessionId = new.id, seats.type='good', seats.price=80, seats.row = 4, seats.seat = 8;
INSERT INTO seats Set seats.sessionId = new.id, seats.type='good', seats.price=80, seats.row = 4, seats.seat = 9;
INSERT INTO seats Set seats.sessionId = new.id, seats.type='good', seats.price=80, seats.row = 4, seats.seat = 10;
INSERT INTO seats Set seats.sessionId = new.id, seats.type='good', seats.price=80, seats.row = 4, seats.seat = 11;
INSERT INTO seats Set seats.sessionId = new.id, seats.type='good', seats.price=80, seats.row = 4, seats.seat = 12;

INSERT INTO seats Set seats.sessionId = new.id, seats.type='good', seats.price=80, seats.row = 5, seats.seat = 1;
INSERT INTO seats Set seats.sessionId = new.id, seats.type='good', seats.price=80, seats.row = 5, seats.seat = 2;
INSERT INTO seats Set seats.sessionId = new.id, seats.type='good', seats.price=80, seats.row = 5, seats.seat = 3;
INSERT INTO seats Set seats.sessionId = new.id, seats.type='good', seats.price=80, seats.row = 5, seats.seat = 4;
INSERT INTO seats Set seats.sessionId = new.id, seats.type='good', seats.price=80, seats.row = 5, seats.seat = 5;
INSERT INTO seats Set seats.sessionId = new.id, seats.type='good', seats.price=80, seats.row = 5, seats.seat = 6;
INSERT INTO seats Set seats.sessionId = new.id, seats.type='good', seats.price=80, seats.row = 5, seats.seat = 7;
INSERT INTO seats Set seats.sessionId = new.id, seats.type='good', seats.price=80, seats.row = 5, seats.seat = 8;
INSERT INTO seats Set seats.sessionId = new.id, seats.type='good', seats.price=80, seats.row = 5, seats.seat = 9;
INSERT INTO seats Set seats.sessionId = new.id, seats.type='good', seats.price=80, seats.row = 5, seats.seat = 10;
INSERT INTO seats Set seats.sessionId = new.id, seats.type='good', seats.price=80, seats.row = 5, seats.seat = 11;
INSERT INTO seats Set seats.sessionId = new.id, seats.type='good', seats.price=80, seats.row = 5, seats.seat = 12;

INSERT INTO seats Set seats.sessionId = new.id, seats.type='good', seats.price=80, seats.row = 6, seats.seat = 1;
INSERT INTO seats Set seats.sessionId = new.id, seats.type='good', seats.price=80, seats.row = 6, seats.seat = 2;
INSERT INTO seats Set seats.sessionId = new.id, seats.type='good', seats.price=80, seats.row = 6, seats.seat = 3;
INSERT INTO seats Set seats.sessionId = new.id, seats.type='good', seats.price=80, seats.row = 6, seats.seat = 4;
INSERT INTO seats Set seats.sessionId = new.id, seats.type='good', seats.price=80, seats.row = 6, seats.seat = 5;
INSERT INTO seats Set seats.sessionId = new.id, seats.type='good', seats.price=80, seats.row = 6, seats.seat = 6;
INSERT INTO seats Set seats.sessionId = new.id, seats.type='good', seats.price=80, seats.row = 6, seats.seat = 7;
INSERT INTO seats Set seats.sessionId = new.id, seats.type='good', seats.price=80, seats.row = 6, seats.seat = 8;
INSERT INTO seats Set seats.sessionId = new.id, seats.type='good', seats.price=80, seats.row = 6, seats.seat = 9;
INSERT INTO seats Set seats.sessionId = new.id, seats.type='good', seats.price=80, seats.row = 6, seats.seat = 10;
INSERT INTO seats Set seats.sessionId = new.id, seats.type='good', seats.price=80, seats.row = 6, seats.seat = 11;
INSERT INTO seats Set seats.sessionId = new.id, seats.type='good', seats.price=80, seats.row = 6, seats.seat = 12;

INSERT INTO seats Set seats.sessionId = new.id, seats.type='luxe', seats.price=120, seats.row = 7, seats.seat = 1;
INSERT INTO seats Set seats.sessionId = new.id, seats.type='luxe', seats.price=120, seats.row = 7, seats.seat = 2;
INSERT INTO seats Set seats.sessionId = new.id, seats.type='luxe', seats.price=120, seats.row = 7, seats.seat = 3;
INSERT INTO seats Set seats.sessionId = new.id, seats.type='luxe', seats.price=120, seats.row = 7, seats.seat = 4;
INSERT INTO seats Set seats.sessionId = new.id, seats.type='luxe', seats.price=120, seats.row = 7, seats.seat = 5;
INSERT INTO seats Set seats.sessionId = new.id, seats.type='luxe', seats.price=120, seats.row = 7, seats.seat = 6;
INSERT INTO seats Set seats.sessionId = new.id, seats.type='luxe', seats.price=120, seats.row = 7, seats.seat = 7;
INSERT INTO seats Set seats.sessionId = new.id, seats.type='luxe', seats.price=120, seats.row = 7, seats.seat = 8;
INSERT INTO seats Set seats.sessionId = new.id, seats.type='luxe', seats.price=120, seats.row = 7, seats.seat = 9;
INSERT INTO seats Set seats.sessionId = new.id, seats.type='luxe', seats.price=120, seats.row = 7, seats.seat = 10;
INSERT INTO seats Set seats.sessionId = new.id, seats.type='luxe', seats.price=120, seats.row = 7, seats.seat = 11;
INSERT INTO seats Set seats.sessionId = new.id, seats.type='luxe', seats.price=120, seats.row = 7, seats.seat = 12;

end
$$
DELIMITER ;

-- --------------------------------------------------------

--
-- Структура таблицы `sold`
--

CREATE TABLE `sold` (
  `userid` int(11) NOT NULL,
  `seatid` int(11) NOT NULL
) ENGINE=InnoDB DEFAULT CHARSET=utf8;

-- --------------------------------------------------------

--
-- Структура таблицы `users`
--

CREATE TABLE `users` (
  `id` int(11) NOT NULL,
  `login` varchar(30) NOT NULL,
  `role` varchar(20) NOT NULL DEFAULT 'user',
  `password` varchar(100) NOT NULL,
  `email` varchar(50) NOT NULL,
  `token` varchar(100) NOT NULL,
  `status` int(11) NOT NULL DEFAULT '0',
  `imageId` varchar(255) NOT NULL
) ENGINE=InnoDB DEFAULT CHARSET=utf8;

--
-- Дамп данных таблицы `users`
--

INSERT INTO `users` (`id`, `login`, `role`, `password`, `email`, `token`, `status`, `imageId`) VALUES
(2, 'user1', 'user', '24c9e15e52afc47c225b757e7bee1f9d', 'user1@user1.user1', '5b2921c8e3bcf1a3e3df', 0, ''),
(5, 'user11', 'user', 'c4ca4238a0b923820dcc509a6f75849b', 'user1@user1.user11', '99a14771b1b774cda1f6', 0, ''),
(7, '1', 'user', 'c4ca4238a0b923820dcc509a6f75849b', '12321332@gmail.com1', '1ee2010738ba65a7d014', 0, ''),
(8, '11', 'user', 'c4ca4238a0b923820dcc509a6f75849b', '12321332@gmail.com11', '5e348255ca051a8b70b4', 0, ''),
(9, '111', 'user', 'c4ca4238a0b923820dcc509a6f75849b', '12321332@gmail.com111', 'c8455b80d7299a9d5586', 0, ''),
(10, '1111', 'user', 'c4ca4238a0b923820dcc509a6f75849b', '12321332@gmail.com1111', '7e584ad052c2e316202e', 0, ''),
(11, '11111', 'user', 'c4ca4238a0b923820dcc509a6f75849b', '12321332@gmail.com11111', '581857edec3b85a8ddee', 0, ''),
(12, '123', 'user', '202cb962ac59075b964b07152d234b70', '123@123.123', '0c000ae7af9405da4513', 0, ''),
(16, 'bobe', 'user', '5238ad4d4e23062347ee99fa9e4beaa1', 'nibbler135@gmail.com213', 'c34b2607689ac5b9df78c634f074ba25', 1, '5b2175766effa.jpeg'),
(17, 'admin', 'admin', '21232f297a57a5a743894a0e4a801fc3', 'admin@admin.admin', '234fa32851fc6914ac49cb3fd0592c62', 1, '5b2176414674a.jpeg');

--
-- Индексы сохранённых таблиц
--

--
-- Индексы таблицы `comments`
--
ALTER TABLE `comments`
  ADD PRIMARY KEY (`id`),
  ADD KEY `filmId` (`filmId`);

--
-- Индексы таблицы `films`
--
ALTER TABLE `films`
  ADD PRIMARY KEY (`id`);

--
-- Индексы таблицы `marks`
--
ALTER TABLE `marks`
  ADD PRIMARY KEY (`id`),
  ADD KEY `filmId` (`filmId`),
  ADD KEY `userId` (`userId`);

--
-- Индексы таблицы `seats`
--
ALTER TABLE `seats`
  ADD PRIMARY KEY (`id`),
  ADD KEY `sessionId` (`sessionId`);

--
-- Индексы таблицы `session`
--
ALTER TABLE `session`
  ADD PRIMARY KEY (`id`),
  ADD KEY `movieId` (`movieId`);

--
-- Индексы таблицы `sold`
--
ALTER TABLE `sold`
  ADD KEY `seatid` (`seatid`),
  ADD KEY `userid` (`userid`);

--
-- Индексы таблицы `users`
--
ALTER TABLE `users`
  ADD PRIMARY KEY (`id`),
  ADD UNIQUE KEY `login` (`login`),
  ADD UNIQUE KEY `email` (`email`);

--
-- AUTO_INCREMENT для сохранённых таблиц
--

--
-- AUTO_INCREMENT для таблицы `comments`
--
ALTER TABLE `comments`
  MODIFY `id` int(11) NOT NULL AUTO_INCREMENT, AUTO_INCREMENT=35;

--
-- AUTO_INCREMENT для таблицы `films`
--
ALTER TABLE `films`
  MODIFY `id` int(11) NOT NULL AUTO_INCREMENT, AUTO_INCREMENT=36;

--
-- AUTO_INCREMENT для таблицы `marks`
--
ALTER TABLE `marks`
  MODIFY `id` int(11) NOT NULL AUTO_INCREMENT, AUTO_INCREMENT=51;

--
-- AUTO_INCREMENT для таблицы `seats`
--
ALTER TABLE `seats`
  MODIFY `id` int(11) NOT NULL AUTO_INCREMENT, AUTO_INCREMENT=2607;

--
-- AUTO_INCREMENT для таблицы `session`
--
ALTER TABLE `session`
  MODIFY `id` int(11) NOT NULL AUTO_INCREMENT, AUTO_INCREMENT=34;

--
-- AUTO_INCREMENT для таблицы `users`
--
ALTER TABLE `users`
  MODIFY `id` int(11) NOT NULL AUTO_INCREMENT, AUTO_INCREMENT=18;

--
-- Ограничения внешнего ключа сохраненных таблиц
--

--
-- Ограничения внешнего ключа таблицы `comments`
--
ALTER TABLE `comments`
  ADD CONSTRAINT `comments_ibfk_1` FOREIGN KEY (`filmId`) REFERENCES `films` (`id`);

--
-- Ограничения внешнего ключа таблицы `marks`
--
ALTER TABLE `marks`
  ADD CONSTRAINT `marks_ibfk_1` FOREIGN KEY (`filmId`) REFERENCES `films` (`id`) ON DELETE CASCADE ON UPDATE CASCADE,
  ADD CONSTRAINT `marks_ibfk_2` FOREIGN KEY (`userId`) REFERENCES `users` (`id`) ON DELETE CASCADE ON UPDATE CASCADE;

--
-- Ограничения внешнего ключа таблицы `seats`
--
ALTER TABLE `seats`
  ADD CONSTRAINT `seats_ibfk_1` FOREIGN KEY (`sessionId`) REFERENCES `session` (`id`) ON DELETE CASCADE ON UPDATE CASCADE;

--
-- Ограничения внешнего ключа таблицы `session`
--
ALTER TABLE `session`
  ADD CONSTRAINT `session_ibfk_1` FOREIGN KEY (`movieId`) REFERENCES `films` (`id`) ON DELETE CASCADE ON UPDATE CASCADE;

--
-- Ограничения внешнего ключа таблицы `sold`
--
ALTER TABLE `sold`
  ADD CONSTRAINT `sold_ibfk_1` FOREIGN KEY (`seatid`) REFERENCES `seats` (`id`) ON DELETE CASCADE ON UPDATE CASCADE,
  ADD CONSTRAINT `sold_ibfk_2` FOREIGN KEY (`userid`) REFERENCES `users` (`id`) ON DELETE CASCADE ON UPDATE CASCADE;
COMMIT;

/*!40101 SET CHARACTER_SET_CLIENT=@OLD_CHARACTER_SET_CLIENT */;
/*!40101 SET CHARACTER_SET_RESULTS=@OLD_CHARACTER_SET_RESULTS */;
/*!40101 SET COLLATION_CONNECTION=@OLD_COLLATION_CONNECTION */;
